Author	Title	year_recorded	month_recorded	day_recorded
Huiwang Ai	DEVELOPMENT AND APPLICATIONS OF BIOLUMINESCENT AND CHEMILUMINESCENT REPORTERS AND BIOSENSORS	2019	11	14
Huiwang Ai	RED-SHIFTED LUCIFERASE-LUCIFERIN PAIRS FOR ENHANCED BIOLUMINESCENCE	2019	11	14
Huiwang Ai	IDENTIFICATION OF FACTORS COMPLICATING BIOLUMINESCENCE IMAGING	2019	11	14
Huiwang Ai	A GENETICALLY ENCODED, RATIOMETRIC FLUORESCENT BIOSENSOR FOR HYDROGEN SULFIDE	2019	11	14
Huiwang Ai	ATP-INDEPENDENT BIOLUMINESCENT REPORTER VARIANTS TO IMPROVE IN VIVO IMAGING	2019	11	14
Huiwang Ai	GENETICALLY ENCODED, PHOTOSTABLE INDICATORS TO IMAGE DYNAMIC ZN2+ SECRETION OF PANCREATIC ISLETS	2019	11	14
Huiwang Ai	ENABLING TECHNOLOGIES IN SUPER-RESOLUTION FLUORESCENCE MICROSCOPY: REPORTERS, LABELING, AND METHODS OF MEASUREMENT	2019	11	14
Huiwang Ai	MOLECULAR TOOLS TO GENERATE REACTIVE OXYGEN SPECIES IN BIOLOGICAL SYSTEMS	2019	11	14
Huiwang Ai	DIRECTED EVOLUTION OF BIOLUMINESCENT PROBES ENABLES ULTRASENSITIVE LIVE-ANIMAL IMAGING AND MULTIPLEXED BIOASSAY	2019	11	14
Lawrence Band	HILLSLOPE HYDROLOGY IN GLOBAL CHANGE RESEARCH AND EARTH SYSTEM MODELING	2019	11	14
Lawrence Band	NO PROPORTIONAL INCREASE OF TERRESTRIAL GROSS CARBON SEQUESTRATION FROM THE GREENING EARTH	2019	11	14
Lawrence Band	DEVELOPMENT OF A PARTICIPATORY GREEN INFRASTRUCTURE DESIGN, VISUALIZATION AND EVALUATION SYSTEM IN A CLOUD SUPPORTED JUPYTER NOTEBOOK COMPUTING ENVIRONMENT	2019	11	14
Lawrence Band	EFFECTS OF LIDAR DEM SMOOTHING AND CONDITIONING TECHNIQUES ON A TOPOGRAPHY‐BASED WETLAND IDENTIFICATION MODEL	2019	11	14
Lawrence Band	EVOLUTION OF STORMFLOW THRESHOLDS IN LONG-TERM INSTRUMENTED CATCHMENTS	2019	11	14
Lawrence Band	THE WHAT, WHEN, WHERE AND HOW OF DEVELOPED WATERSHED NUTRIENT LOADING	2019	11	14
Lawrence Band	BAYESIAN CALIBRATION OF AN ECOHYDROLOGICAL MODEL TO INFORM SPATIAL WATER QUALITY RISK ASSESSMENT AND GREEN INFRASTRUCTURE SITING	2019	11	14
Lawrence Band	STREAMFLOW RESPONSE AND RECOVERY AFTER FOREST DISTURBANCE IN DIFFERENT CLIMATES	2019	11	14
Lawrence Band	GREEN INFRASTRUCTURE COST/BENEFIT ASSESSMENT AT MULTIPLE SPATIAL SCALES ACROSS URBAN ENVIRONMENTS	2019	11	14
Lawrence Band	UNDERSTANDING MODEL ROBUSTNESS TO CLIMATE CHANGE: AN EXPERIMENT WITH THE ECOHYDROLOGIC MODEL RHESSYS	2019	11	14
Lawrence Band	TRANSITIONING TOWARDS RESILIENT URBAN WATER SYSTEMS THROUGH TRADITIONAL ENGINEERING AND NATURE-BASED STRATEGIES (REUWS)	2019	11	14
Lawrence Band	EVALUATING INSTREAM RESTORATION EFFECTIVENESS IN REDUCING NITROGEN EXPORT FROM AN URBAN CATCHMENT WITH A COUPLED DATA-MODELING APPROACH	2019	11	14
Lawrence Band	DECISION SUPPORT AND STAKEHOLDER ENGAGEMENT TO BETTER SITE GREEN STORMWATER INFRASTRUCTURE IN UNCERTAIN URBAN ENVIRONMENTS	2019	11	14
Lawrence Band	LONG TERM URBAN WATERSHED STUDIES IN THE BALTIMORE ECOSYSTEM STUDY	2019	11	14
Lawrence Band	APPLYING THE WATERSHED APPROACH TO URBAN ECOSYSTEMS	2019	11	14
Lawrence Band	TRANSPIRATION AND SUBSURFACE CONTROLS OF STREAMFLOW RECESSION CHARACTERISTICS	2019	11	14
Lawrence Band	A NOVEL COMPUTATIONAL GREEN INFRASTRUCTURE DESIGN FRAMEWORK FOR HYDROLOGIC AND HUMAN BENEFITS	2019	11	14
Lawrence Band	HETEROGENEITY IN PRICE SENSITIVITY: THE ROLE OF PRICES AND WEALTH	2019	11	14
Lawrence Band	HETEROGENEITY IN PRICE SENSITIVITY: THE ROLE OF PRICES AND WEALTH	2019	11	14
Lawrence Band	HETEROGENEITY IN PRICE SENSITIVITY: THE ROLE OF PRICES AND WEALTH	2019	11	14
Lawrence Band	HETEROGENEITY IN PRICE SENSITIVITY: THE ROLE OF PRICES AND WEALTH	2019	11	14
Lawrence Band	MODELLING THE INTERACTION OF CLIMATE, FOREST ECOSYSTEM, AND HYDROLOGY TO ESTIMATE CATCHMENT DISSOLVED ORGANIC CARBON EXPORT	2019	11	14
Lawrence Band	ECOSYSTEM PROCESSES AT THE WATERSHED SCALE: INFLUENCE OF FLOWPATH PATTERNS OF CANOPY ECOPHYSIOLOGY ON EMERGENT CATCHMENT WATER AND CARBON CYCLING	2019	11	14
Laura Barnes	TEXT CLASSIFICATION ALGORITHMS: A SURVEY	2019	11	14
Laura Barnes	UNDERSTANDING BEHAVIORAL DYNAMICS OF SOCIAL ANXIETY AMONG COLLEGE STUDENTS THROUGH SMARTPHONE SENSORS	2019	11	14
Laura Barnes	RELATIVE MORTALITY ANALYSIS OF THE “GOLDEN HOUR”: A COMPREHENSIVE ACUITY STRATIFICATION APPROACH TO ADDRESS DISAGREEMENT IN CURRENT LITERATURE	2019	11	14
Laura Barnes	IMPACT OF SOCIAL ANXIETY AND SOCIAL CONTEXT ON COLLEGE STUDENTS’ EMOTION REGULATION STRATEGY USE: AN EXPERIENCE SAMPLING STUDY	2019	11	14
Laura Barnes	CAN TEXT MESSAGES IDENTIFY SUICIDE RISK IN REAL TIME? A WITHIN-SUBJECTS PILOT EXAMINATION OF TEMPORALLY-SENSITIVE MARKERS OF SUICIDE RISK	2019	11	14
Laura Barnes	AN INTEGRATED FRAMEWORK FOR USING MOBILE SENSING TO UNDERSTAND RESPONSE TO MOBILE INTERVENTIONS AMONG BREAST CANCER PATIENTS	2019	11	14
Laura Barnes	ACTIPPG: USING DEEP NEURAL NETWORKS FOR ACTIVITY RECOGNITION FROM WRIST-WORN PHOTOPLETHYSMOGRAPHY (PPG) SENSORS	2019	11	14
Laura Barnes	DO I REALLY FEEL BETTER? EFFECTIVENESS OF EMOTION REGULATION STRATEGIES DEPENDS ON THE MEASURE AND SOCIAL ANXIETY	2019	11	14
Laura Barnes	RELATIONSHIPS BETWEEN TRAIT EMOTION DYSREGULATION AND EMOTIONAL EXPERIENCES IN DAILY LIFE: AN EXPERIENCE SAMPLING STUDY	2019	11	14
Laura Barnes	THE PERFORMANCE OF PATIENT-WORN ACTIGRAPHY DEVICES TO MEASURE RECOVERY AFTER BREAST RECONSTRUCTION	2019	11	14
Laura Barnes	COGNITIVE BIAS MODIFICATION FOR INTERPRETATIONS: USING PASSIVE MOBILE SENSING TO DETECT INTERVENTION EFFECTS IN DAILY LIFE	2019	11	14
Laura Barnes	ADAPTIVE PASSIVE MOBILE SENSING USING REINFORCEMENT LEARNING	2019	11	14
Laura Barnes	MODELING USER CONTEXT FROM SMARTPHONE DATA FOR RECOGNITION OF HEALTH STATUS	2019	11	14
Laura Barnes	GAMIFICATION OF EHEALTH INTERVENTIONS TO INCREASE USER ENGAGEMENT AND REDUCE ATTRITION	2019	11	14
Laura Barnes	DIFFERENCES IN EMOTION REGULATION STRATEGY USE IN DAILY LIFE BETWEEN WHITE AND ASIAN-AMERICAN COLLEGE STUDENTS	2019	11	14
Laura Barnes	MONITORING MENTAL HEALTH OF COLLEGE STUDENTS USING SMARTPHONES	2019	11	14
Laura Barnes	THE RESTORATIVE HEALTH BENEFITS OF A TACTICAL URBAN INTERVENTION: AN URBAN WATERFRONT STUDY	2019	11	14
Laura Barnes	SOCIALTEXT: A FRAMEWORK FOR UNDERSTANDING THE RELATIONSHIP BETWEEN DIGITAL COMMUNICATION PATTERNS AND MENTAL HEALTH	2019	11	14
Christopher L. Barrett	GENETIC ROBUSTNESS OF LET-7 MIRNA SEQUENCE-STRUCTURE PAIRS	2019	11	14
Christopher L. Barrett	THE ENERGY-SPECTRUM OF BICOMPATIBLE SEQUENCES	2019	11	14
Christopher L. Barrett	SYSTEMS AND METHODS FOR CHARACTERIZING AND SAMPLING NUCLEIC ACID SEQUENCES AND STRUCTURES OF SAME	2019	11	14
Christopher L. Barrett	A BOLTZMANN SAMPLER FOR 1-PAIRS WITH DOUBLE FILTRATION	2019	11	14
Phillip Bourne	NATURAL LANGUAGE PROCESSING OF SYMPTOMS DOCUMENTED IN FREE-TEXT NARRATIVES OF ELECTRONIC HEALTH RECORDS: A SYSTEMATIC REVIEW	2019	11	14
Phillip Bourne	ANALYZING THE SYMMETRICAL ARRANGEMENT OF STRUCTURAL REPEATS IN PROTEINS WITH CE-SYMM	2019	11	14
Phillip Bourne	ADDENDUM: THE FAIR GUIDING PRINCIPLES FOR SCIENTIFIC DATA MANAGEMENT AND STEWARDSHIP	2019	11	14
Phillip Bourne	A SYSTEMATIC REVIEW OF NATURAL LANGUAGE PROCESSING AND TEXT MINING OF SYMPTOMS FROM ELECTRONIC PATIENT-AUTHORED TEXT DATA	2019	11	14
Phillip Bourne	MACHINE LEARNING FOR CLASSIFICATION OF PROTEIN HELIX CAPPING MOTIFS	2019	11	14
Phillip Bourne	THE URFOLD: STRUCTURAL SIMILARITY JUST ABOVE THE SUPERFOLD LEVEL?	2019	11	14
Phillip Bourne	TEN SIMPLE RULES TO AID IN ACHIEVING A VISION	2019	11	14
Phillip Bourne	TEN SIMPLE RULES FOR AVOIDING AND RESOLVING CONFLICTS WITH YOUR COLLEAGUES	2019	11	14
Catherine Bradshaw	PUBLIC MENTAL HEALTH	2019	11	14
Catherine Bradshaw	COACHING TEACHERS TO DETECT, PREVENT, AND RESPOND TO BULLYING USING MIXED REALITY SIMULATION: AN EFFICACY STUDY IN MIDDLE SCHOOLS	2019	11	14
Catherine Bradshaw	A STATE-WIDE QUASI-EXPERIMENTAL EFFECTIVENESS STUDY OF THE SCALE-UP OF SCHOOL-WIDE POSITIVE BEHAVIORAL INTERVENTIONS AND SUPPORTS	2019	11	14
Catherine Bradshaw	PROGRESS AND PRIORITIES IN RESEARCH TO IMPROVE OUTCOMES FOR STUDENTS WITH OR AT RISK FOR EMOTIONAL AND BEHAVIORAL DISORDERS	2019	11	14
Catherine Bradshaw	HEALTH-RELATED RISKS FOR INVOLVEMENT IN BULLYING AMONG MIDDLE AND HIGH SCHOOL YOUTH	2019	11	14
Catherine Bradshaw	A RANDOMIZED CONTROLLED TRIAL OF THE COMBINATION OF TWO SCHOOL-BASED UNIVERSAL PREVENTIVE INTERVENTIONS.	2019	11	14
Catherine Bradshaw	DOES SCHOOL CLIMATE MEAN THE SAME THING IN THE UNITED STATES AS IN MEXICO? A FOCUS ON MEASUREMENT INVARIANCE	2019	11	14
Catherine Bradshaw	ADULT AND STUDENT INTERACTIONS IN NONCLASSROOM SETTINGS.	2019	11	14
Catherine Bradshaw	PARENTAL RESPONSES TO BULLYING: UNDERSTANDING THE ROLE OF SCHOOL POLICIES AND PRACTICES.	2019	11	14
Catherine Bradshaw	IT GETS BETTER: ATTENUATED ASSOCIATIONS BETWEEN LATENT CLASSES OF PEER VICTIMIZATION AND LONGITUDINAL PSYCHOSOCIAL OUTCOMES IN FOUR LOW-RESOURCE COUNTRIES	2019	11	14
Catherine Bradshaw	EXAMINING THE RELATIVE UTILITY OF PBIS IMPLEMENTATION FIDELITY SCORES IN RELATION TO STUDENT OUTCOMES	2019	11	14
Catherine Bradshaw	SCALING UP EVIDENCE-BASED INTERVENTIONS IN US PUBLIC SYSTEMS TO PREVENT BEHAVIORAL HEALTH PROBLEMS: CHALLENGES AND OPPORTUNITIES	2019	11	14
Catherine Bradshaw	IT’S THE 21ST CENTURY AND RESEARCH NEEDS TO BE MORE THAN AN ACADEMIC ACTIVITY GENERATING PUBLICATIONS	2019	11	14
Catherine Bradshaw	IMPROVING THE MEASUREMENT OF SCHOOL CLIMATE USING ITEM RESPONSE THEORY	2019	11	14
Catherine Bradshaw	EXAMINING TEACHERS' CLASSROOM MANAGEMENT PROFILES: INCORPORATING A FOCUS ON CULTURALLY RESPONSIVE PRACTICE	2019	11	14
Catherine Bradshaw	INFORMANT DISCREPANCIES IN INTERNALIZING AND EXTERNALIZING SYMPTOMS IN AN AT-RISK SAMPLE: THE ROLE OF PARENTING AND SCHOOL ENGAGEMENT	2019	11	14
Catherine Bradshaw	HOW DO COLLECTIVE STUDENT BEHAVIOR AND OTHER CLASSROOM CONTEXTUAL FACTORS RELATE TO TEACHERS’ IMPLEMENTATION OF AN EVIDENCE-BASED INTERVENTION? A MULTILEVEL STRUCTURAL EQUATION …	2019	11	14
Catherine Bradshaw	MODELS OF STRESS AND ADAPTING TO RISK	2019	11	14
Catherine Bradshaw	PREPARING PRESERVICE TEACHERS TO MANAGE BEHAVIOR PROBLEMS IN THE CLASSROOM: THE FEASIBILITY AND ACCEPTABILITY OF USING A MIXED-REALITY SIMULATOR	2019	11	14
Catherine Bradshaw	YOUTH REACTIONS TO BULLYING: EXPLORING THE FACTORS ASSOCIATED WITH STUDENTS’ WILLINGNESS TO INTERVENE	2019	11	14
Catherine Bradshaw	MULTITIERED APPROACHES TO SCHOOL-BASED MENTAL HEALTH, WELLNESS, AND TRAUMA	2019	11	14
Catherine Bradshaw	MODELS OF HEALTH PROMOTION AND PREVENTIVE INTERVENTION.	2019	11	14
Catherine Bradshaw	CROSS-NATIONAL DIFFERENCES IN BULLYING DYNAMICS: COMPARING LATINX YOUTHS’ EXPERIENCES IN MEXICO AND THE USA	2019	11	14
Linda Columbus	COMPOSITIONS AND METHODS FOR REGULATING ARTERIAL TONE	2019	11	14
Linda Columbus	HETEROCELLULAR CONTACT CAN DICTATE ARTERIAL FUNCTION	2019	11	14
Linda Columbus	HETEROCELLULAR CONTACT CAN DICTATE ARTERIAL FUNCTION	2019	11	14
Linda Columbus	HETEROCELLULAR CONTACT CAN DICTATE ARTERIAL FUNCTION	2019	11	14
Linda Columbus	HETEROCELLULAR CONTACT CAN DICTATE ARTERIAL FUNCTION	2019	11	14
Linda Columbus	THE FLUIDITY OF PHOSPHOCHOLINE AND MALTOSIDE MICELLES AND THE EFFECT OF CHAPS	2019	11	14
Linda Columbus	QUANTIFYING CARCINOEMBRYONIC ANTIGEN-LIKE CELL ADHESION MOLECULE-TARGETED LIPOSOME DELIVERY USING IMAGING FLOW CYTOMETRY.	2019	11	14
Linda Columbus	A MOLECULAR MODEL OF THE ALPHA GLOBIN/ENOS COMPLEX	2019	11	14
Linda Columbus	PHYSICAL PROPERTIES OF MEMBRANES AND MEMBRANE MIMICS: POTENTIAL IMPACT ON MEMBRANE PROTEIN STRUCTURE	2019	11	14
Linda Columbus	IMPACT OF LIPID-PROTEIN INTERACTIONS ON ALPHA-HELICAL MEMBRANE PROTEIN FOLD	2019	11	14
Linda Columbus	MOLECULAR MODELING OF THE ALPHA GLOBIN/ENOS COMPLEX VIA CROSSLINKING MASS SPECTROMETRY	2019	11	14
Linda Columbus	SOLVING THE STRUCTURE OF INCLUSION MEMBRANE PROTEIN A IN C. TRACHOMATIS	2019	11	14
Linda Columbus	INVESTIGATING THE CONFORMATIONAL DYNAMICS OF THE MEMBRANE ENZYME LSPA	2019	11	14
Linda Columbus	INVESTIGATING THE CATALYTIC BASE RESIDUES IN THE PHOSPHOGLUCOSE ISOMERASE FROM THERMOTOGA MARITIMA	2019	11	14
Linda Columbus	QUANTIFYING CEACAM TARGETED LIPOSOME DELIVERY USING IMAGING FLOW CYTOMETRY	2019	11	14
Linda Columbus	MOLECULAR DETERMINANTS OF NEISSERIAL OPA PROTEIN INTERACTIONS WITH HUMAN CEACAMS	2019	11	14
Alison Criss	CELL INTRINSIC FUNCTIONS OF NEUTROPHILS AND THEIR MANIPULATION BY PATHOGENS	2019	11	14
Alison Criss	THE NOVEL INTERACTION BETWEEN NEISSERIA GONORRHOEAE TDFJ AND HUMAN S100A7 ALLOWS GONOCOCCI TO SUBVERT HOST ZINC RESTRICTION	2019	11	14
Alison Criss	QUANTIFYING CARCINOEMBRYONIC ANTIGEN-LIKE CELL ADHESION MOLECULE-TARGETED LIPOSOME DELIVERY USING IMAGING FLOW CYTOMETRY.	2019	11	14
Alison Criss	QUANTIFYING CEACAM TARGETED LIPOSOME DELIVERY USING IMAGING FLOW CYTOMETRY	2019	11	14
Alison Criss	MOLECULAR DETERMINANTS OF NEISSERIAL OPA PROTEIN INTERACTIONS WITH HUMAN CEACAMS	2019	11	14
Alison Criss	PROTOCOLS TO INTERROGATE THE INTERACTIONS BETWEEN NEISSERIA GONORRHOEAE AND PRIMARY HUMAN NEUTROPHILS	2019	11	14
Zygmunt Derwenda	ARCHITECTURE OF THE CELLULOSE SYNTHASE OUTER MEMBRANE CHANNEL AND ITS ASSOCIATION WITH THE PERIPLASMIC TPR DOMAIN	2019	11	14
Marcel Durieux	SUCCINYLCHOLINE USE AND DANTROLENE AVAILABILITY FOR MALIGNANT HYPERTHERMIA TREATMENTDATABASE ANALYSES AND SYSTEMATIC REVIEW	2019	11	14
Marcel Durieux	THE RWANDA ANESTHESIA RESIDENCY PROGRAM: A MODEL FOR GME IN LOW-AND MIDDLE-INCOME COUNTRIES	2019	11	14
Marcel Durieux	INTRAOPERATIVE OPIOID AND NON-OPIOID ADMINISTRATION PATTERNS AND EARLY POSTOPERATIVE PAIN: A SINGLE-CENTER RETROSPECTIVE LONGITUDINAL STUDY	2019	11	14
Marcel Durieux	VENTILATOR MODE DOES NOT INFLUENCE BLOOD LOSS OR TRANSFUSION REQUIREMENTS DURING MAJOR SPINE SURGERY: A RETROSPECTIVE STUDY.	2019	11	14
Marcel Durieux	INDIVIDUALIZED QUALITY DATA FEEDBACK IMPROVES ANESTHESIOLOGY RESIDENTS' DOCUMENTATION OF DEPTH OF NEUROMUSCULAR BLOCKADE BEFORE EXTUBATION.	2019	11	14
Marcel Durieux	THE IMPACT OF ALVIMOPAN ON RETURN OF BOWEL FUNCTION AFTER MAJOR SPINE SURGERY–A PROSPECTIVE, RANDOMIZED, DOUBLE-BLIND STUDY	2019	11	14
Edward Egelman	STRUCTURE OF MICROBIAL NANOWIRES REVEALS STACKED HEMES THAT TRANSPORT ELECTRONS OVER MICROMETERS	2019	11	14
Edward Egelman	MOLECULAR MECHANISM FOR NLRP6 INFLAMMASOME ASSEMBLY AND ACTIVATION	2019	11	14
Edward Egelman	STRUCTURE AND ASSEMBLY OF THE ENTEROHEMORRHAGIC ESCHERICHIA COLI TYPE 4 PILUS	2019	11	14
Edward Egelman	FUNCTIONAL RECONSTITUTION OF THE TYPE IVA PILUS ASSEMBLY SYSTEM FROM ENTEROHAEMORRHAGIC ESCHERICHIA COLI	2019	11	14
Edward Egelman	AMBIDEXTROUS HELICAL NANOTUBES FROM SELF-ASSEMBLY OF DESIGNED HELICAL HAIRPIN MOTIFS	2019	11	14
Edward Egelman	THE AAA+ ATPASE TORSINA POLYMERIZES INTO HOLLOW TUBES WITH A HELICAL PERIODICITY OF 8.5 SUBUNITS PER TURN	2019	11	14
Edward Egelman	A PACKING FOR A-FORM DNA IN AN ICOSAHEDRAL VIRUS	2019	11	14
Edward Egelman	HOOKED ON MOTILITY	2019	11	14
Edward Egelman	CRYO-EM STRUCTURE OF THE CFA/I PILUS ROD	2019	11	14
Edward Egelman	CRYO-EM STRUCTURE OF THE CFA/I PILUS ROD	2019	11	14
Edward Egelman	CRYO-EM STRUCTURE OF THE CFA/I PILUS ROD	2019	11	14
Edward Egelman	CRYO-EM STRUCTURE OF THE CFA/I PILUS ROD	2019	11	14
Edward Egelman	CRYO-EM OF PROTEIN POLYMERS YIELDS MANY SURPRISES	2019	11	14
Edward Egelman	AMBIDEXTROUS HELICAL NANOTUBES FROM SELF-ASSEMBLY OF DESIGNED HELICAL MOTIFS	2019	11	14
Edward Egelman	AN EXTENSIVELY GLYCOSYLATED ARCHAEAL PILUS SURVIVES EXTREME CONDITIONS	2019	11	14
Edward Egelman	DESIGN OF PEPTIDE NANOTUBES FROM TANDEM REPEAT PROTEIN MODULES	2019	11	14
Edward Egelman	ATOMIC STRUCTURE OF NEARLY INDESTRUCTIBLE PILI FROM A HYPERTHERMOPHILIC ACIDOPHILE	2019	11	14
Edward Egelman	STRUCTURAL INSIGHTS INTO THE DISEASE-CAUSING MUTANT Α-ACTININ 4 K255E BOUND TO F-ACTIN	2019	11	14
Edward Egelman	STRUCTURAL STUDIES OF THE T-AND RP4-PILI USING CRYO-EM	2019	11	14
Edward Egelman	CRYO-EM MAP OF THE CFA/I PILUS ROD	2019	11	14
Stephen Eubank	MODELING COMMODITY FLOW IN THE CONTEXT OF INVASIVE SPECIES SPREAD: STUDY OF TUTA ABSOLUTA IN NEPAL	2019	11	14
Sarah Ewald	AUTOMATED SPATIALLY TARGETED OPTICAL MICRO PROTEOMICS (AUTOSTOMP) TO DETERMINE PROTEIN COMPLEXITY OF SUBCELLULAR STRUCTURES	2019	11	14
Sarah Ewald	CACHEXIA AND FIBROSIS ARE COSTS OF CHRONIC IL-1R-MEDIATED DISEASE TOLERANCE IN T. GONDII INFECTION	2019	11	14
Sarah Ewald	DISEASE TOLERANCE IN TOXOPLASMA INFECTION	2019	11	14
Mary Margaret Frank	TAX AVOIDANCE AT PUBLIC CORPORATIONS DRIVEN BY SHAREHOLDER TAXES: EVIDENCE FROM CHANGES IN DIVIDEND TAX POLICY	2019	11	14
Mary Margaret Frank	ENTITY CHOICES FOR A SOCIALLY RESPONSIBLE BUSINESS	2019	11	14
Mary Margaret Frank	BASIC DEAL STRUCTURES	2019	11	14
Mary Margaret Frank	DIFFERENCES BETWEEN FINANCIAL ACCOUNTING AND TAX FOR VALUATION IN M&A	2019	11	14
Mary Margaret Frank	TAXABLE ACQUISITIVE DEAL STRUCTURES FOR C CORPORATIONS	2019	11	14
Mary Margaret Frank	JUST CAPITAL	2019	11	14
Andreas Gahlmann	SINGLE-MOLECULE TRACKING MICROSCOPY-A TOOL FOR DETERMINING THE DIFFUSIVE STATES OF CYTOSOLIC MOLECULES.	2019	11	14
Andreas Gahlmann	ENABLING TECHNOLOGIES IN SUPER-RESOLUTION FLUORESCENCE MICROSCOPY: REPORTERS, LABELING, AND METHODS OF MEASUREMENT	2019	11	14
Andreas Gahlmann	RESOLVING CYTOSOLIC DIFFUSIVE STATES IN BACTERIA BY SINGLE-MOLECULE TRACKING	2019	11	14
Andreas Gahlmann	COMPUTATIONAL CORRECTION OF SPATIALLY VARIANT OPTICAL ABERRATIONS IN 3D SINGLE-MOLECULE LOCALIZATION MICROSCOPY	2019	11	14
Andreas Gahlmann	TYPE 3 SECRETION SYSTEM CHAPERONE-EFFECTOR DYNAMICS IN LIVE YERSINIA ENTEROCOLITICA	2019	11	14
Andreas Gahlmann	3D IMAGING OF SINGLE CELLS IN BACTERIAL BIOFILMS USING LATTICE LIGHT-SHEET MICROSCOPY	2019	11	14
Andreas Gahlmann	LCUTS: LINEAR CLUSTERING OF BACTERIA USING RECURSIVE GRAPH CUTS	2019	11	14
Kirsten Gelsdorf	UNDERSTANDING THE HUMANITARIAN WORLD	2019	11	14
Kirsten Gelsdorf	UNDERSTANDING THE HUMANITARIAN WORLD	2019	11	14
Kirsten Gelsdorf	UNDERSTANDING THE HUMANITARIAN WORLD	2019	11	14
Kirsten Gelsdorf	UNDERSTANDING THE HUMANITARIAN WORLD	2019	11	14
Amanda Gibson	GENETIC DIVERSITY AND DISEASE SPREAD: EPIDEMIOLOGICAL MODELS AND EMPIRICAL STUDIES OF A SNAIL–TREMATODE SYSTEM	2019	11	14
Amanda Gibson	ASEXUAL PARASITES AND THEIR EXTRAORDINARY HOST RANGES	2019	11	14
Amanda Gibson	RAPID CHANGE IN HOST SPECIFICITY IN A FIELD POPULATION OF THE BIOLOGICAL CONTROL ORGANISM PASTEURIA PENETRANS	2019	11	14
Amanda Gibson	THE EVOLUTION OF PARASITE HOST RANGE IN GENETICALLY DIVERSE HOST POPULATIONS	2019	11	14
Carol Gilchrist	INCREASED FECAL LACTOBACILLUS IS ASSOCIATED WITH A POSITIVE GLUCOSE HYDROGEN BREATH TEST IN BANGLADESHI CHILDREN	2019	11	14
Carol Gilchrist	FECAL IMMUNOGLOBULIN A AGAINST A SPOROZOITE ANTIGEN AT 12 MONTHS IS ASSOCIATED WITH DELAYED TIME TO SUBSEQUENT CRYPTOSPORIDIOSIS IN URBAN BANGLADESH: A PROSPECTIVE COHORT STUDY	2019	11	14
Carol Gilchrist	FECAL IGA AGAINST A SPOROZOITE ANTIGEN AT 12 MONTHS IS ASSOCIATED WITH DELAYED TIME TO SUBSEQUENT CRYPTOSPORIDIOSIS IN URBAN BANGLADESH: A PROSPECTIVE COHORT STUDY.	2019	11	14
Carol Gilchrist	SCREENING FOR COELIAC DISEASE IN CHILDREN AND ADULTS LIVING IN A SLUM OF DHAKA, BANGLADESH	2019	11	14
Don Griffin	ENHANCED IN VIVO DELIVERY OF STEM CELLS USING MICROPOROUS ANNEALED PARTICLE SCAFFOLDS	2019	11	14
Don Griffin	CELL DELIVERY: ENHANCED IN VIVO DELIVERY OF STEM CELLS USING MICROPOROUS ANNEALED PARTICLE SCAFFOLDS (SMALL 39/2019)	2019	11	14
Don Griffin	CONTROLLABLE SELF-ANNEALING MICROGEL PARTICLES FOR BIOMEDICAL APPLICATIONS	2019	11	14
Don Griffin	HYDROGEL FOR ENGINEERED IMMUNE RESPONSE TO D-CHIRALITY PEPTIDES	2019	11	14
William Guilford	S‐NITROSYLATION OF CYTOSKELETAL PROTEINS	2019	11	14
Jennifer Guler	REPLY TO: MAGNETO IS INEFFECTIVE IN CONTROLLING ELECTRICAL PROPERTIES OF CEREBELLAR PURKINJE CELLS, ASSESSING THE UTILITY OF MAGNETO TO CONTROL NEURONAL EXCITABILITY IN THE …	2019	11	14
Jennifer Guler	FOCUS: CLOCKS AND CYCLES: DOPAMINE SIGNALING IN CIRCADIAN PHOTOENTRAINMENT: CONSEQUENCES OF DESYNCHRONY	2019	11	14
Marie-Louise Hammarskjold	CHARACTERIZATION OF APOBEC3 VARIATION IN A POPULATION OF HIV-1 INFECTED INDIVIDUALS IN NORTHERN SOUTH AFRICA	2019	11	14
Marie-Louise Hammarskjold	EVOLUTION OF THE HIV-1 REV RESPONSE ELEMENT DURING NATURAL INFECTION REVEALS NUCLEOTIDE CHANGES THAT CORRELATE WITH ALTERED STRUCTURE AND INCREASED ACTIVITY OVER TIME	2019	11	14
Marie-Louise Hammarskjold	A NOVEL RETROVIRAL VECTOR SYSTEM TO ANALYZE EXPRESSION FROM MRNA WITH RETAINED INTRONS USING FLUORESCENT PROTEINS AND FLOW CYTOMETRY	2019	11	14
Marie-Louise Hammarskjold	HIV-1 REV INTERACTS WITH HERV-K RCRES PRESENT IN THE HUMAN GENOME AND PROMOTES EXPORT OF UNSPLICED HERV-K PROVIRAL RNA	2019	11	14
Marie-Louise Hammarskjold	AN ASSAY TO MEASURE THE ACTIVITY OF RNA ELEMENTS AND PROTEINS THAT PROMOTE THE EXPRESSION OF MRNA WITH RETAINED INTRONS	2019	11	14
Rachel Harmon	JUSTIFYING POLICE PRACTICES: THE EXAMPLE OF ARRESTS	2019	11	14
Rachel Harmon	PROACTIVE POLICING: A SUMMARY OF THE REPORT OF THE NATIONAL ACADEMIES OF SCIENCES, ENGINEERING, AND MEDICINE	2019	11	14
Tajie Harris	THE NOTCH SIGNALING PATHWAY PROMOTES BASOPHIL RESPONSES DURING HELMINTH-INDUCED TYPE 2 INFLAMMATION	2019	11	14
Tajie Harris	IL-10 AND ICOS DIFFERENTIALLY REGULATE T CELL RESPONSES IN THE BRAIN DURING CHRONIC TOXOPLASMA GONDII INFECTION	2019	11	14
Tajie Harris	HIEROGLYPH: HIERARCHICAL GLIA GRAPH SKELETONIZATION AND MATCHING	2019	11	14
Farzad Hassanzadeh	ESTIMATION OF DUPLICATION HISTORY UNDER A STOCHASTIC MODEL FOR TANDEM REPEATS	2019	11	14
Farzad Hassanzadeh	SINGLE-ERROR DETECTION AND CORRECTION FOR DUPLICATION AND SUBSTITUTION CHANNELS	2019	11	14
Farzad Hassanzadeh	EVOLUTION OF K-MER FREQUENCIES AND ENTROPY IN DUPLICATION AND SUBSTITUTION MUTATION SYSTEMS	2019	11	14
Farzad Hassanzadeh	THE ENTROPY RATE OF SOME PÓLYA STRING MODELS	2019	11	14
James Howe	NANOSCALE MAPPING OF THE ELECTRON DENSITY AT AL GRAIN BOUNDARIES AND CORRELATION WITH GRAIN-BOUNDARY ENERGY	2019	11	14
James Howe	DETERMINING THE VOLUME EXPANSION AT GRAIN BOUNDARIES USING EXTENDED ENERGY-LOSS FINE STRUCTURE ANALYSIS	2019	11	14
James Howe	THERMAL CONDUCTIVITY AND PHONON SCATTERING PROCESSES OF ALD GROWN PBTE–PBSE THERMOELECTRIC THIN FILMS	2019	11	14
James Howe	LOCALIZATION OF PLASMON RESONANCE USING MOMENTUM-RESOLVED EELS	2019	11	14
Ku-Lung Hsu	ACTIVITY-BASED PROTEIN PROFILING	2019	11	14
Ku-Lung Hsu	LIPID-METABOLIZING SERINE HYDROLASES IN THE MAMMALIAN CENTRAL NERVOUS SYSTEM: ENDOCANNABINOIDS AND BEYOND	2019	11	14
Ku-Lung Hsu	DAGL-BETA FUNCTIONS AS A PUFA-SPECIFIC TRIACYLGLYCEROL LIPASE IN MACROPHAGES	2019	11	14
Ku-Lung Hsu	ACTIVITY‐BASED KINOME PROFILING USING CHEMICAL PROTEOMICS AND ATP ACYL PHOSPHATES	2019	11	14
Ku-Lung Hsu	METABOLOMICS ANALYSIS OF LIPID METABOLIZING ENZYME ACTIVITY.	2019	11	14
Ku-Lung Hsu	DIACYLGLYCEROL LIPASE-Β IS REQUIRED FOR TNF-Α RESPONSE BUT NOT CD8+ T CELL PRIMING CAPACITY OF DENDRITIC CELLS	2019	11	14
Ku-Lung Hsu	TOWARDS IDENTIFICATION OF A LIPID METABOLIC CHECKPOINT FOR IMMUNO-ONCOLOGY	2019	11	14
Ku-Lung Hsu	MODULATION OF PKM ACTIVITY CONTROLS DIFFERENTIATION OF TH17 CELLS	2019	11	14
Ku-Lung Hsu	NEXT-GENERATION CELL-ACTIVE INHIBITORS OF THE UNDRUGGED ONCOGENIC PTP4A3 PHOSPHATASE	2019	11	14
Donald F. Hunt	COMPOSITIONS AND METHODS FOR ANALYSIS OF PROTEIN SEQUENCES AND POST-TRANSLATIONAL MODIFICATIONS	2019	11	14
Donald F. Hunt	TIMING BELT COVER ASSEMBLY FOR VEHICLE	2019	11	14
Donald F. Hunt	ION-ION PROTON TRANSFER AND PARALLEL ION PARKING FOR THE ANALYSIS OF MIXTURES OF INTACT PROTEINS ON A MODIFIED ORBITRAP MASS ANALYZER	2019	11	14
Donald F. Hunt	O-GLCNAC SITE MAPPING BY USING A COMBINATION OF CHEMOENZYMATIC LABELING, COPPER-FREE CLICK CHEMISTRY, REDUCTIVE CLEAVAGE, AND ELECTRON-TRANSFER …	2019	11	14
Donald F. Hunt	UNAMBIGUOUS SEQUENCE CHARACTERIZATION OF A MONOCLONAL ANTIBODY IN A SINGLE ANALYSIS USING A NONSPECIFIC IMMOBILIZED ENZYME REACTOR	2019	11	14
Donald F. Hunt	PROTAMINES FROM LIVERWORT ARE PRODUCED BY POST-TRANSLATIONAL CLEAVAGE AND C-TERMINAL DI-AMINOPROPANELATION OF SEVERAL MALE GERM-SPECIFIC H1 HISTONES	2019	11	14
Donald F. Hunt	SYSTEM AND METHOD FOR PROVIDING SEQUENTIAL MEDIA ITEMS	2019	11	14
Donald F. Hunt	IDENTIFICATION OF CLASS I MHC ASSOCIATED GLYCOPEPTIDES AS TARGETS FOR CANCER IMMUNOTHERAPY	2019	11	14
Brant Isakson	COMPOSITIONS AND METHODS FOR REGULATING BLOOD PRESSURE	2019	11	14
Brant Isakson	COMPOSITIONS AND METHODS FOR REGULATING ARTERIAL TONE	2019	11	14
Brant Isakson	HETEROCELLULAR CONTACT CAN DICTATE ARTERIAL FUNCTION	2019	11	14
Brant Isakson	HETEROCELLULAR CONTACT CAN DICTATE ARTERIAL FUNCTION	2019	11	14
Brant Isakson	HETEROCELLULAR CONTACT CAN DICTATE ARTERIAL FUNCTION	2019	11	14
Brant Isakson	HETEROCELLULAR CONTACT CAN DICTATE ARTERIAL FUNCTION	2019	11	14
Brant Isakson	CONSTITUTIVE SRC-MEDIATED PHOSPHORYLATION OF PANNEXIN 1 AT TYROSINE 198 OCCURS AT THE PLASMA MEMBRANE	2019	11	14
Brant Isakson	LOSS OF RETICULOCALBIN 2 LOWERS BLOOD PRESSURE AND RESTRAINS ANG II-INDUCED HYPERTENSION IN VIVO	2019	11	14
Brant Isakson	PHOSPHATIDYLSERINE ON VIABLE SPERM AND PHAGOCYTIC MACHINERY IN OOCYTES REGULATE MAMMALIAN FERTILIZATION	2019	11	14
Brant Isakson	ABSTRACT P120: LEUKOCYTE AND LYMPHOCYTE-DERIVED EXTRACELLULAR VESICLES ARE ELEVATED IN ANGIOTENSIN-INDUCED HYPERTENSION	2019	11	14
Brant Isakson	ENDOTHELIAL HBA1 REGULATES EXERCISE FITNESS IN MICE	2019	11	14
Brant Isakson	INTERFERON ALPHA/BETA RECEPTOR 1 INHIBITION RESULTS IN DELAYED ONSET INCREASED BLOOD PRESSURE AND ALTERED VASCULAR REMODELING	2019	11	14
Brant Isakson	ZIKA VIRUS LOCALIZES TO VASCULAR ENDOTHELIAL AND SMOOTH MUSCLE CELLS FOLLOWING IN VIVO INFECTION	2019	11	14
Brant Isakson	A MOLECULAR MODEL OF THE ALPHA GLOBIN/ENOS COMPLEX	2019	11	14
Brant Isakson	EXTRACELLULAR VESICLES FROM WISTAR KYOTO AND SPONTANEOUSLY HYPERTENSIVE RATS HAVE DIFFERENTIAL VASODILATORY RESPONSES IN RESISTANCE ARTERIES	2019	11	14
Brant Isakson	ABLATION OF BOTH CX40 AND PANX1 RESULTS IN SIMILAR CARDIOVASCULAR PHENOTYPES EXHIBITED IN CX40 KNOCKOUT MICE	2019	11	14
Brant Isakson	MOLECULAR MODELING OF THE ALPHA GLOBIN/ENOS COMPLEX VIA CROSSLINKING MASS SPECTROMETRY	2019	11	14
Brant Isakson	ENDOTHELIAL PANNEXIN 1 CHANNELS CONTROL INFLAMMATION BY REGULATING INTRACELLULAR CALCIUM	2019	11	14
Brant Isakson	VASCULAR EXPRESSION OF HEMOGLOBIN ALPHA IN ANTARCTIC ICEFISH SUPPORTS IRON LIMITATION AS NOVEL EVOLUTIONARY DRIVER	2019	11	14
Kevin Janes	PARAMETERIZING CELL-TO-CELL REGULATORY HETEROGENEITIES VIA STOCHASTIC TRANSCRIPTIONAL PROFILES	2019	11	14
Kevin Janes	IN SITU 10-CELL RNA SEQUENCING IN TISSUE AND TUMOR BIOPSY SAMPLES	2019	11	14
Kevin Janes	ROBUST LATENT-VARIABLE INTERPRETATION OF IN VIVO REGRESSION MODELS BY NESTED RESAMPLING	2019	11	14
Kevin Janes	AN ULTRASENSITIVE FIVEPLEX ACTIVITY ASSAY FOR CELLULAR KINASES	2019	11	14
Peter Kasson	LONG TIME-SCALE ATOMISTIC SIMULATIONS OF THE STRUCTURE AND DYNAMICS OF TRANSCRIPTION FACTOR-DNA RECOGNITION	2019	11	14
Peter Kasson	HYBRID REFINEMENT OF HETEROGENEOUS CONFORMATIONAL ENSEMBLES USING SPECTROSCOPIC DATA	2019	11	14
Peter Kasson	PROBING MEMBRANE FUSION INTERMEDIATES USING BILAYER COATED NANOPARTICLES	2019	11	14
Peter Kasson	ATOMIC-RESOLUTION SIMULATIONS SHOW TWO SEQUENTIAL FUSION PEPTIDE MECHANISMS IN INFLUENZA MEMBRANE FUSION	2019	11	14
Peter Kasson	DETECTING AND CONTROLLING DYE AND ILLUMINATION EFFECTS IN SINGLE-VIRUS FUSION EXPERIMENTS	2019	11	14
Peter Kasson	MEASURING NEUTRALIZATION OF ENVELOPED VIRUSES USING MICROFLUIDICS	2019	11	14
Peter Kasson	ANTIBIOTIC UPTAKE ACROSS GRAM-NEGATIVE OUTER MEMBRANES: BETTER PREDICTIONS TOWARDS BETTER ANTIBIOTICS	2019	11	14
Peter Kasson	DETECTING AND CONTROLLING DYE EFFECTS IN SINGLE-VIRUS FUSION EXPERIMENTS	2019	11	14
Jessica Keim Malpass	IMPACT OF PREDICTIVE ANALYTICS BASED ON CONTINUOUS CARDIORESPIRATORY MONITORING IN A SURGICAL AND TRAUMA INTENSIVE CARE UNIT	2019	11	14
Jessica Keim Malpass	THE ETHICS OF CONCURRENT CARE FOR CHILDREN: A SOCIAL JUSTICE PERSPECTIVE	2019	11	14
Jessica Keim Malpass	CHILDREN ENROLLED IN HOSPICE CARE UNDER COMMERCIAL INSURANCE: A COMPARISON OF DIFFERENT AGE GROUPS	2019	11	14
Jessica Keim Malpass	“THE PAUSE”: A DELPHI METHODOLOGY EXAMINING AN END-OF-LIFE PRACTICE	2019	11	14
Jessica Keim Malpass	DOES PATIENT HEALTH LITERACY IMPACT ADHERENCE TO ADJUVANT ENDOCRINE THERAPY IN BREAST CANCER PATIENTS?	2019	11	14
Jessica Keim Malpass	HEALTH LITERACY AND INFORMED CONSENT FOR CLINICAL TRIALS: A SYSTEMATIC REVIEW AND IMPLICATIONS FOR NURSES	2019	11	14
Jessica Keim Malpass	THE EMERGENCY RESILIENCY INITIATIVE: A PILOT MINDFULNESS INTERVENTION PROGRAM	2019	11	14
Jessica Keim Malpass	VARIABILITY IN STATES’ COVERAGE OF CHILDREN WITH MEDICAL COMPLEXITY THROUGH HOME AND COMMUNITY-BASED SERVICES WAIVERS	2019	11	14
Jessica Keim Malpass	BUILT AND NATURAL ENVIRONMENT BARRIERS AND FACILITATORS TO PHYSICAL ACTIVITY IN RURAL, SUBURBAN, AND SMALL URBAN NEIGHBORHOODS.	2019	11	14
Jessica Keim Malpass	COMPASSION AND CONNECTEDNESS AS MOTIVATIONAL DRIVERS IN THE CARE OF CHILDREN WITH MEDICAL COMPLEXITY	2019	11	14
Jessica Keim Malpass	A NEW ERA IN PEDIATRIC HOSPICE CARE FOR MILITARY FAMILIES	2019	11	14
Jessica Keim Malpass	PREDICTIVE ANALYTICS IN THE PEDIATRIC INTENSIVE CARE UNIT FOR EARLY IDENTIFICATION OF SEPSIS: CAPTURING THE CONTEXT OF AGE	2019	11	14
Jessica Keim Malpass	EXPLORING PATIENT TREATMENT DECISION MAKING IN THE CONTEXT OF OVARIAN CANCER RECURRENCE	2019	11	14
Jessica Keim Malpass	TOWARDS TRANSLATIONAL HEALTH POLICY	2019	11	14
Jessica Keim Malpass	TOWARDS TRANSLATIONAL HEALTH POLICY: FINDINGS FROM A STATE EVALUATION OF PROGRAMS TARGETING CHILDREN WITH SPECIAL HEALTH CARE NEEDS	2019	11	14
Jessica Keim Malpass	PSYCHOSOCIAL EXPERIENCES OF YOUNG ADULTS DIAGNOSED WITH ACUTE LEUKEMIA DURING HOSPITALIZATION FOR INDUCTION CHEMOTHERAPY TREATMENT	2019	11	14
Jessica Keim Malpass	DIFFUSING AN INNOVATION: CLINICIAN PERCEPTIONS OF CONTINUOUS PREDICTIVE ANALYTICS MONITORING IN INTENSIVE CARE	2019	11	14
Jessica Keim Malpass	SELF-PROTECTION AND OTHER CONDITIONS SUPPORTING ADHERENCE IN POST-MENOPAUSAL BREAST CANCER SURVIVORS	2019	11	14
Jessica Keim Malpass	PUBLICLY FUNDED HOME AND COMMUNITY-BASED CARE FOR CHILDREN WITH MEDICAL COMPLEXITY: PROTOCOL FOR THE ANALYSIS OF MEDICAID WAIVER APPLICATIONS	2019	11	14
Jessica Keim Malpass	TOWARDS DEVELOPMENT OF ALERT THRESHOLDS FOR CLINICAL DETERIORATION USING CONTINUOUS PREDICTIVE ANALYTICS MONITORING	2019	11	14
Jessica Keim Malpass	ETHICS IN HEALTH RESEARCH USING SOCIAL MEDIA	2019	11	14
Kimberly Kelly	PRECISION MEDICINE IN PANCREATIC DISEASE—KNOWLEDGE GAPS AND RESEARCH OPPORTUNITIES: SUMMARY OF A NATIONAL INSTITUTE OF DIABETES AND DIGESTIVE AND KIDNEY DISEASES WORKSHOP	2019	11	14
Kimberly Kelly	PLECTIN-1 TARGETED AGENTS FOR DETECTION AND TREATMENT OF PANCREATIC DUCTAL ADENOCARCINOMA	2019	11	14
Kimberly Kelly	HORNERIN AS A NOVEL THERAPEUTIC TARGET FOR PANCREATIC CANCER	2019	11	14
Kimberly Kelly	THERAPEUTIC TARGETING OF CELL SURFACE PLECTIN INDUCES ANTI-CANCER IMMUNE RESPONSE AND PANCREATIC CANCER REGRESSION	2019	11	14
Kimberly Kelly	GENOME-WIDE SEQUENCING OF CELL-FREE DNA ENABLES DETECTION OF COPY NUMBER ALTERATIONS IN CANCER PATIENTS WHERE TISSUE BIOPSY IS NOT FEASIBLE	2019	11	14
Kimberly Kelly	IN VIVO LIPOSOMAL DRUG DELIVERY ENRICHES MACROPHAGE TARGETING AND LIMITS LIVER AND KIDNEY DRUG EFFECTS	2019	11	14
Kimberly Kelly	PLECTIN-1 BINDING ANTIBODIES AND USES THEREOF	2019	11	14
Kimberly Kelly	TARGET IDENTIFICATION, LEAD DISCOVERY, AND OPTIMIZATION	2019	11	14
Gerard Learmonth	A MACHINE LEARNING APPROACH TO WORKFLOW PRIORITIZATION	2019	11	14
Manuel Lerdau	SOIL AGGREGATES AS BIOGEOCHEMICAL REACTORS AND IMPLICATIONS FOR SOIL–ATMOSPHERE EXCHANGE OF GREENHOUSE GASES—A CONCEPT	2019	11	14
Manuel Lerdau	COMPLEXITIES BETWEEN PLANTS AND THE ATMOSPHERE	2019	11	14
Manuel Lerdau	BUILDING BOTTOM‐UP AGGREGATE‐BASED MODELS (ABM S) IN SOIL SYSTEMS WITH A VIEW OF AGGREGATES AS BIOGEOCHEMICAL REACTORS	2019	11	14
Manuel Lerdau	DEMOGRAPHY AND DESTINY: THE SYNGAMEON IN HYPERDIVERSE SYSTEMS	2019	11	14
Manuel Lerdau	SPECIES-SPECIFIC RELATIONSHIP BETWEEN LEAF COOLING AND TRANSPIRATION INFERRED FROM CONTINUOUS ON-SITE THERMAL IMAGING OF TREE CANOPY	2019	11	14
Manuel Lerdau	PIXEL TO PROCESS TO PRICE: A FRAMEWORK FOR REMOTE SENSING ECOLOGICAL MODEL FUSION ANALYSES FOR ECOSYSTEM SERVICE EVALUATION	2019	11	14
Manuel Lerdau	NEW LABORATORY CONSTRAINTS ON OZONE UPTAKE, STOMATAL CONDUCTANCE, AND PHOTOSYNTHESIS RELATIONSHIPS	2019	11	14
Manuel Lerdau	THE SPATIO-TEMPORAL VARIATION, AND ITS DRIVERS, OF SOLAR INDUCED FLUORESCENCE IN A TEMPERATE FOREST ECOSYSTEM.	2019	11	14
Manuel Lerdau	SOIL BACTERIAL COMMUNITIES IN GRASSLANDS REVEGETATED USING ELYMUS NUTANS ARE LARGELY INFLUENCED BY SOIL PH AND TOTAL PHOSPHORUS ACROSS RESTORATION TIME	2019	11	14
Manuel Lerdau	OBSERVING SEVERE DROUGHT INFLUENCES ON OZONE AIR POLLUTION IN CALIFORNIA	2019	11	14
Manuel Lerdau	LEARNING MAY HELP POLLINATORS FIND THEIR HOST PLANTS IN POLLUTED LANDSCAPES	2019	11	14
Bryan Lewis	FAST AND NEAR-OPTIMAL MONITORING FOR HEALTHCARE ACQUIRED INFECTION OUTBREAKS	2019	11	14
Bryan Lewis	OPTIMIZING SPATIAL ALLOCATION OF SEASONAL INFLUENZA VACCINE UNDER TEMPORAL CONSTRAINTS	2019	11	14
Bryan Lewis	MODELING THE IMPACT OF VACCINE DELIVERY ON THE 2018-2019 NORTH KIVU & ITURI EBOLA OUTBREAK	2019	11	14
Garrick Louis	TRANSITIONING TOWARDS RESILIENT URBAN WATER SYSTEMS THROUGH TRADITIONAL ENGINEERING AND NATURE-BASED STRATEGIES (REUWS)	2019	11	14
Garrick Louis	ASSESSING THE VIABILITY OF A FOLD-OUT HYDROPONIC FARM FOR HUMANITARIAN RELIEF EFFORTS IN DOMINICA	2019	11	14
Madhav Marathe	LEARNING EVERYWHERE: PERVASIVE MACHINE LEARNING FOR EFFECTIVE HIGH-PERFORMANCE COMPUTATION	2019	11	14
Madhav Marathe	LEARNING EVERYWHERE: PERVASIVE MACHINE LEARNING FOR EFFECTIVE HIGH-PERFORMANCE COMPUTATION: APPLICATION BACKGROUND	2019	11	14
Madhav Marathe	DEFSI: DEEP LEARNING BASED EPIDEMIC FORECASTING WITH SYNTHETIC INFORMATION	2019	11	14
Madhav Marathe	GRAPHICAL DYNAMICAL SYSTEMS AND THEIR APPLICATIONS TO BIO-SOCIAL SYSTEMS	2019	11	14
Madhav Marathe	MODELING COMMODITY FLOW IN THE CONTEXT OF INVASIVE SPECIES SPREAD: STUDY OF TUTA ABSOLUTA IN NEPAL	2019	11	14
Madhav Marathe	ASSESSING THE MULTI-PATHWAY THREAT FROM AN INVASIVE AGRICULTURAL PEST: TUTA ABSOLUTA IN ASIA	2019	11	14
Madhav Marathe	A GRAPHBLAS APPROACH FOR SUBGRAPH COUNTING	2019	11	14
Madhav Marathe	OPTIMIZING SPATIAL ALLOCATION OF SEASONAL INFLUENZA VACCINE UNDER TEMPORAL CONSTRAINTS	2019	11	14
Madhav Marathe	SYMMETRY PROPERTIES OF NESTED CANALYZING FUNCTIONS	2019	11	14
Madhav Marathe	PAC LEARNABILITY OF NODE FUNCTIONS IN NETWORKED DYNAMICAL SYSTEMS	2019	11	14
Achla Marathe	DISCOVERY OF UNDER IMMUNIZED SPATIAL CLUSTERS USING NETWORK SCAN STATISTICS	2019	11	14
Achla Marathe	MODELING COMMODITY FLOW IN THE CONTEXT OF INVASIVE SPECIES SPREAD: STUDY OF TUTA ABSOLUTA IN NEPAL	2019	11	14
Achla Marathe	IMPACT OF DEMOGRAPHIC DISPARITIES IN SOCIAL DISTANCING AND VACCINATION ON INFLUENZA EPIDEMICS IN URBAN AND RURAL REGIONS OF THE UNITED STATES	2019	11	14
Achla Marathe	DETECTION OF SPATIOTEMPORAL PRESCRIPTION OPIOID HOT SPOTS WITH NETWORK SCAN STATISTICS: MULTISTATE ANALYSIS	2019	11	14
Joann McDermid	EVALUATING MILD CACHEXIA SYNDROME IN THE HIV-POSITIVE PREGNANT WOMAN	2019	11	14
Joann McDermid	VITAMIN D SUPPLEMENTATION DURING PREGNANCY: AN EVIDENCE ANALYSIS CENTER SYSTEMATIC REVIEW AND META-ANALYSIS	2019	11	14
Joann McDermid	EFFECTS OF BARIATRIC SURGERY ON MATERNAL AND INFANT OUTCOMES OF PREGNANCY—AN EVIDENCE ANALYSIS CENTER SYSTEMATIC REVIEW	2019	11	14
Joann McDermid	VITAMIN D SUPPLEMENTATION DURING PREGNANCY IMPROVES MATERNAL AND INFANT 25-HYDROXYVITAMIN D CONCENTRATIONS AND MAY PLAY A ROLE IN MATERNAL INSULIN RESISTANCE AND FETAL GROWTH …	2019	11	14
Daniel Mietchen	AN OPEN TOOLKIT FOR TRACKING OPEN SCIENCE PARTNERSHIP IMPLEMENTATION AND IMPACT	2019	11	14
Daniel Mietchen	USING SHAPE EXPRESSIONS (SHEX) TO SHARE RDF DATA MODELS AND TO GUIDE CURATION WITH RIGOROUS VALIDATION	2019	11	14
Daniel Mietchen	TEN PRINCIPLES FOR MACHINE-ACTIONABLE DATA MANAGEMENT PLANS	2019	11	14
Daniel Mietchen	ROBUSTIFYING SCHOLIA: PAVING THE WAY FOR KNOWLEDGE DISCOVERY AND RESEARCH ASSESSMENT THROUGH WIKIDATA	2019	11	14
Daniel Mietchen	SCHOLIA AS OF NOVEMBER 2018	2019	11	14
Daniel Mietchen	USING CROWD-CURATION TO IMPROVE TAXON ANNOTATIONS ON THE WIKIMEDIA INFRASTRUCTURE	2019	11	14
Daniel Mietchen	CORRECTION TO: USING SHAPE EXPRESSIONS (SHEX) TO SHARE RDF DATA MODELS AND TO GUIDE CURATION WITH RIGOROUS VALIDATION	2019	11	14
Daniel Mietchen	AN OPEN TOOLKIT FOR TRACKING OPEN SCIENCE PARTNERSHIP IMPLEMENTATION AND IMPACT [VERSION 1; PEER REVIEW: AWAITING PEER REVIEW].	2019	11	14
Wladek Minor	TESTOSTERONE MEETS ALBUMIN–THE MOLECULAR MECHANISM OF SEX HORMONE TRANSPORT BY SERUM ALBUMINS	2019	11	14
Wladek Minor	FINDABLE ACCESSIBLE INTEROPERABLE RE-USABLE (FAIR) DIFFRACTION DATA ARE COMING TO PROTEIN CRYSTALLOGRAPHY	2019	11	14
Wladek Minor	PYRIMIDINE BIOSYNTHESIS IN PATHOGENS–STRUCTURES AND ANALYSIS OF DIHYDROOROTASES FROM YERSINIA PESTIS AND VIBRIO CHOLERAE	2019	11	14
Wladek Minor	CORRECTION TO: CLASSIFICATION, SUBSTRATE SPECIFICITY AND STRUCTURAL FEATURES OF D-2-HYDROXYACID DEHYDROGENASES: 2HADH KNOWLEDGEBASE	2019	11	14
Wladek Minor	MOLSTACK: A PLATFORM FOR INTERACTIVE PRESENTATIONS OF ELECTRON DENSITY AND CRYO‐EM MAPS AND THEIR INTERPRETATIONS	2019	11	14
Wladek Minor	ENERGETICS OF INTERACTIONS IN THE SOLID STATE OF 2-HYDROXY-8-X-QUINOLINE DERIVATIVES (X= CL, BR, I, S-PH): COMPARISON OF HIRSHFELD ATOM, X-RAY WAVEFUNCTION AND MULTIPOLE …	2019	11	14
Wladek Minor	CLASSIFICATION, SUBSTRATE SPECIFICITY AND STRUCTURAL FEATURES OF D-2-HYDROXYACID DEHYDROGENASES: 2HADH KNOWLEDGEBASE (VOL 18, PG 199, 2019)	2019	11	14
Wladek Minor	GLYOXYLATE/HYDROXYPYRUVATE REDUCTASES-STRUCTURAL, BIOCHEMICAL, AND EVOLUTIONARY CHARACTERIZATIONS	2019	11	14
Wladek Minor	THE PH-DEPENDENT CONFORMATIONAL CHANGES OF THE RIBOFLAVIN-BINDING PROTEIN	2019	11	14
Sean Moore	DUODENAL BIOPSIES CLASSIFICATION AND UNDERSTANDING USING CONVOLUTIONAL NEURAL NETWORKS	2019	11	14
Sean Moore	ARTIFICIAL INTELLIGENCE APPLIED TO GASTROINTESTINAL DIAGNOSTICS: A REVIEW	2019	11	14
Sean Moore	DEEP LEARNING FOR VISUAL RECOGNITION OF ENVIRONMENTAL ENTEROPATHY AND CELIAC DISEASE	2019	11	14
Sean Moore	DIAGNOSIS OF CELIAC DISEASE AND ENVIRONMENTAL ENTEROPATHY ON BIOPSY IMAGES USING COLOR BALANCING ON CONVOLUTIONAL NEURAL NETWORKS	2019	11	14
Sean Moore	STUDY OF ENVIRONMENTAL ENTEROPATHY AND MALNUTRITION (SEEM) IN PAKISTAN: PROTOCOLS FOR BIOPSY BASED BIOMARKER DISCOVERY AND VALIDATION	2019	11	14
Sean Moore	SELF-ATTENTIVE ADVERSARIAL STAIN NORMALIZATION	2019	11	14
Sean Moore	ASSESSMENT OF MACHINE LEARNING DETECTION OF ENVIRONMENTAL ENTEROPATHY AND CELIAC DISEASE IN CHILDREN	2019	11	14
Sean Moore	TU1540–HEPATOBILIARY-SPECIFIC DELETION OF POLYMERIC IMMUNOGLOBULIN RECEPTOR (PIGR) IN MICE MIMICS HUMAN IGA COMPARTMENTALIZATION AND SHAPES THE GUT MICROBIOME	2019	11	14
Sean Moore	MO1992–SOLVING THE STAIN DILEMMA: COMPUTATIONAL IMAGE ANALYSIS TO ADDRESS DIFFERENTIAL TISSUE STAINING COLOR BIAS IN DUODENAL BIOPSIES	2019	11	14
Sean Moore	154–GUT MICROBE-PRODUCED SHORT CHAIN FATTY ACIDS ENTRAIN CIRCADIAN RHYTHMS IN MURINE ENTEROIDS BY HISTONE DEACETYLASE INHIBITION	2019	11	14
Sean Moore	DEEP LEARNING FOR DETECTING DISEASES IN GASTROINTESTINAL BIOPSY IMAGES	2019	11	14
Sean Moore	3165 DISEASED AND HEALTHY GASTROINTESTINAL TISSUE DATA MINING REQUIRES AN ENGAGED TRANSDISCIPLINARY TEAM	2019	11	14
Cameron Mura	STIMULI-RESPONSIVE, PENTAPEPTIDE, NANOFIBER HYDROGEL FOR TISSUE ENGINEERING	2019	11	14
Cameron Mura	THE SMALL Β-BARREL DOMAIN: A SURVEY-BASED STRUCTURAL ANALYSIS	2019	11	14
Cameron Mura	MACHINE LEARNING FOR CLASSIFICATION OF PROTEIN HELIX CAPPING MOTIFS	2019	11	14
Cameron Mura	THE URFOLD: STRUCTURAL SIMILARITY JUST ABOVE THE SUPERFOLD LEVEL?	2019	11	14
Cameron Mura	TEN QUICK TIPS FOR USING A RASPBERRY PI	2019	11	14
Jason Papin	INTEGRATED EXPERIMENTAL AND COMPUTATIONAL ANALYSES REVEAL DIFFERENTIAL METABOLIC FUNCTIONALITY IN ANTIBIOTIC-RESISTANT PSEUDOMONAS AERUGINOSA	2019	11	14
Jason Papin	LEVERAGING THE EFFECTS OF CHLOROQUINE ON RESISTANT MALARIA PARASITES FOR COMBINATION THERAPIES	2019	11	14
Jason Papin	IN VIVO GENE ESSENTIALITY AND METABOLISM IN BORDETELLA PERTUSSIS	2019	11	14
Jason Papin	MECHANISTIC IDENTIFICATION OF BIOFLUID METABOLITE CHANGES AS MARKERS OF ACETAMINOPHEN-INDUCED LIVER TOXICITY IN RATS	2019	11	14
Jason Papin	ELECTROFABRICATED BIOMATERIAL-BASED CAPACITOR ON NANOPOROUS GOLD FOR ENHANCED REDOX AMPLIFICATION	2019	11	14
Jason Papin	RECONCILING HIGH-THROUGHPUT GENE ESSENTIALITY DATA WITH METABOLIC NETWORK RECONSTRUCTIONS	2019	11	14
Jason Papin	A SIMPLIFIED METABOLIC NETWORK RECONSTRUCTION TO PROMOTE UNDERSTANDING AND DEVELOPMENT OF FLUX BALANCE ANALYSIS TOOLS	2019	11	14
Jason Papin	MEDUSA: SOFTWARE TO BUILD AND ANALYZE ENSEMBLES OF GENOME-SCALE METABOLIC NETWORK RECONSTRUCTIONS	2019	11	14
Jason Papin	GUIDING THE REFINEMENT OF BIOCHEMICAL KNOWLEDGEBASES WITH ENSEMBLES OF METABOLIC NETWORKS AND MACHINE LEARNING	2019	11	14
Jason Papin	EVALUATING THE EFFICACY OF AN ALGAE-BASED TREATMENT TO MITIGATE ELICITATION OF ANTIBIOTIC RESISTANCE	2019	11	14
Jason Papin	GENOME-SCALE CHARACTERIZATION OF TOXICITY-INDUCED METABOLIC ALTERATIONS IN PRIMARY HEPATOCYTES	2019	11	14
Jason Papin	WISDOM OF CROWDS IN COMPUTATIONAL BIOLOGY	2019	11	14
Jason Papin	154–GUT MICROBE-PRODUCED SHORT CHAIN FATTY ACIDS ENTRAIN CIRCADIAN RHYTHMS IN MURINE ENTEROIDS BY HISTONE DEACETYLASE INHIBITION	2019	11	14
Jason Papin	COMPARATIVE ANALYSES OF PARASITES WITH A COMPREHENSIVE DATABASE OF GENOME-SCALE METABOLIC MODELS	2019	11	14
Jason Papin	TRANSCRIPTOME-GUIDED PARSIMONIOUS FLUX ANALYSIS IMPROVES PREDICTIONS WITH METABOLIC NETWORKS IN COMPLEX ENVIRONMENTS	2019	11	14
Jason Papin	FUNCTIONAL ANABOLIC NETWORK ANALYSIS OF HUMAN-ASSOCIATED LACTOBACILLUS STRAINS	2019	11	14
Jason Papin	COMMUNITY STANDARDS TO FACILITATE DEVELOPMENT AND ADDRESS CHALLENGES IN METABOLIC MODELING	2019	11	14
Jason Papin	IN VIVO GENE ESSENTIALITY AND METABOLISM IN BORDETELLA PERTUSSIS. MSPHERE 4: E00694-18	2019	11	14
Jason Papin	PARSIMONIOUS TRANSCRIPT DATA INTEGRATION IMPROVES CONTEXT-SPECIFIC PREDICTIONS OF BACTERIAL METABOLISM IN COMPLEX ENVIRONMENTS	2019	11	14
Jason Papin	EFFICIENT ENZYME COUPLING ALGORITHMS IDENTIFY FUNCTIONAL PATHWAYS IN GENOME-SCALE METABOLIC MODELS	2019	11	14
SM Peirce	METHODS TO LABEL, IMAGE, AND ANALYZE THE COMPLEX STRUCTURAL ARCHITECTURES OF MICROVASCULAR NETWORKS	2019	11	14
SM Peirce	DATA-DRIVEN MODEL VALIDATION ACROSS DIMENSIONS	2019	11	14
SM Peirce	SPATIAL SCALING IN MULTISCALE MODELS: METHODS FOR COUPLING AGENT-BASED AND FINITE-ELEMENT MODELS OF WOUND HEALING	2019	11	14
SM Peirce	PERIVASCULAR CELL-SPECIFIC KNOCKOUT OF THE STEM CELL PLURIPOTENCY GENE OCT4 INHIBITS ANGIOGENESIS	2019	11	14
SM Peirce	IDENTIFICATION OF ILK AS A CRITICAL REGULATOR OF VEGFR3 SIGNALLING AND LYMPHATIC VASCULAR GROWTH	2019	11	14
SM Peirce	IN VIVO IMAGING OF HEMODYNAMIC REDISTRIBUTION AND ARTERIOGENESIS ACROSS MICROVASCULAR NETWORK	2019	11	14
SM Peirce	MULTISCALE MODELS OF INFECTION	2019	11	14
SM Peirce	LOW COST OXYGEN-SENSING FILMS FOR CLINICAL WOUND HEALING MONITORING	2019	11	14
SM Peirce	REAVER: AN IMPROVED IMAGE ANALYSIS PIPELINE FOR QUANTIFYING MICROVASCULAR NETWORKS	2019	11	14
SM Peirce	NEOVASCULARIZATION AND FUNCTIONAL ASSESSMENT OF HUMAN PANCREATIC ISLETS ENCAPSULATED WITH IMMUNO-MODULATORY STEM CELLS	2019	11	14
SM Peirce	USING BIOPRINTING TO TISSUE ENGINEER MICROVASCULARIZED CONSTRUCTS FOR SKELETAL MUSCLE REPAIR	2019	11	14
SM Peirce	PLATINUM CHEMOTHERAPY INDUCES LYMPHANGIOGENESIS TO PRIME TISSUES FOR TUMOR METASTASIS	2019	11	14
SM Peirce	REAVER: IMPROVED ANALYSIS OF HIGH-RESOLUTION VASCULAR NETWORK IMAGES REVEALED THROUGH ROUND-ROBIN RANKINGS OF ACCURACY AND PRECISION	2019	11	14
SM Peirce	VASCULAR EXPRESSION OF HEMOGLOBIN ALPHA IN ANTARCTIC ICEFISH SUPPORTS IRON LIMITATION AS NOVEL EVOLUTIONARY DRIVER	2019	11	14
SM Peirce	PERICYTE BRIDGES IN HOMEOSTASIS AND HYPERGLYCEMIA: RECONSIDERING PERICYTE DROPOUT AND MICROVASCULAR STRUCTURES	2019	11	14
SM Peirce	AGENT-BASED MODEL SIMULATES EFFECT OF DOSE-DEPENDENT INHIBITION OF ANGIOGENESIS BY INCREASING SECRETION OF EXTRACELLULAR SOLUBLE PDGF RECEPTOR-BETA BY PERICYTES	2019	11	14
William Petri	COMPOSITIONS AND METHODS FOR TREATING CLOSTRIDIUM DIFFICILE INFECTION	2019	11	14
William Petri	COMPOSITIONS AND METHODS FOR TREATING CLOSTRIDIUM DIFFICILE INFECTION	2019	11	14
William Petri	COMPOSITIONS AND METHODS FOR TREATING CLOSTRIDIUM DIFFICILE INFECTION	2019	11	14
William Petri	COMPOSITIONS AND METHODS FOR TREATING CLOSTRIDIUM DIFFICILE INFECTION	2019	11	14
William Petri	A SPARSE COVARYING UNIT THAT DESCRIBES HEALTHY AND IMPAIRED HUMAN GUT MICROBIOTA DEVELOPMENT	2019	11	14
William Petri	COLITIS-INDUCED TH17 CELLS INCREASE THE RISK FOR SEVERE SUBSEQUENT CLOSTRIDIUM DIFFICILE INFECTION	2019	11	14
William Petri	USING FUNCTIONAL NEAR‐INFRARED SPECTROSCOPY TO ASSESS SOCIAL INFORMATION PROCESSING IN POOR URBAN BANGLADESHI INFANTS AND TODDLERS	2019	11	14
William Petri	NEURAL CORRELATES OF EARLY ADVERSITY AMONG BANGLADESHI INFANTS	2019	11	14
William Petri	THE RELATIONSHIP BETWEEN BIOLOGICAL AND PSYCHOSOCIAL RISK FACTORS AND RESTING‐STATE FUNCTIONAL CONNECTIVITY IN 2‐MONTH‐OLD BANGLADESHI INFANTS: A FEASIBILITY AND PILOT STUDY	2019	11	14
William Petri	CHRONIC INFLAMMATION IS ASSOCIATED WITH NEURAL RESPONSES TO FACES IN BANGLADESHI CHILDREN	2019	11	14
William Petri	AFLATOXIN EXPOSURE IN CHILDREN LIVING IN MIRPUR, DHAKA: DATA FROM MAL-ED COMPANION STUDY	2019	11	14
William Petri	IL-33 DRIVES GROUP 2 INNATE LYMPHOID CELL-MEDIATED PROTECTION DURING CLOSTRIDIUM DIFFICILE INFECTION	2019	11	14
William Petri	CHILDHOOD GROWTH AND NEUROCOGNITION ARE ASSOCIATED WITH DISTINCT SETS OF METABOLITES	2019	11	14
William Petri	ENTERIC DYSFUNCTION AND OTHER FACTORS ASSOCIATED WITH ATTAINED SIZE AT 5 YEARS: MAL-ED BIRTH COHORT STUDY FINDINGS	2019	11	14
William Petri	CUMULATIVE PSYCHOSOCIAL RISK AND EARLY CHILD DEVELOPMENT: VALIDATION AND USE OF THE CHILDHOOD PSYCHOSOCIAL ADVERSITY SCALE IN GLOBAL HEALTH RESEARCH	2019	11	14
William Petri	CUMULATIVE PSYCHOSOCIAL RISK AND EARLY CHILD DEVELOPMENT: VALIDATION AND USE OF THE CHILDHOOD PSYCHOSOCIAL ADVERSITY SCALE IN GLOBAL HEALTH RESEARCH	2019	11	14
William Petri	CUMULATIVE PSYCHOSOCIAL RISK AND EARLY CHILD DEVELOPMENT: VALIDATION AND USE OF THE CHILDHOOD PSYCHOSOCIAL ADVERSITY SCALE IN GLOBAL HEALTH RESEARCH	2019	11	14
William Petri	CUMULATIVE PSYCHOSOCIAL RISK AND EARLY CHILD DEVELOPMENT: VALIDATION AND USE OF THE CHILDHOOD PSYCHOSOCIAL ADVERSITY SCALE IN GLOBAL HEALTH RESEARCH	2019	11	14
William Petri	CHILD DEVELOPMENT IN THE CONTEXT OF BIOLOGICAL AND PSYCHOSOCIAL HAZARDS AMONG POOR FAMILIES IN BANGLADESH	2019	11	14
William Petri	LEARNING FROM THE RESEARCH ON AMEBIASIS AND GUT MICROBIOME: IS STIMULATION BY GUT FLORA ESSENTIAL FOR EFFECTIVE NEUTROPHIL MEDIATED PROTECTION FROM EXTERNAL PATHOGENS?	2019	11	14
William Petri	DAILY SUPPLEMENTATION WITH EGG, COW MILK, AND MULTIPLE MICRONUTRIENTS INCREASES LINEAR GROWTH OF YOUNG CHILDREN WITH SHORT STATURE	2019	11	14
William Petri	CRYPTOSPORIDIOSIS: CONSEQUENCES FOR CHILD HEALTH AND COGNITIVE DEVELOPMENT	2019	11	14
William Petri	TYPE 3 IMMUNITY DURING CLOSTRIDIOIDES DIFFICILE INFECTION: TOO MUCH OF A GOOD THING?	2019	11	14
William Petri	ASSOCIATION OF BREAST MILK GAMMA-LINOLENIC ACID WITH INFANT ANTHROPOMETRIC OUTCOMES IN URBAN, LOW-INCOME BANGLADESHI FAMILIES: A PROSPECTIVE, BIRTH COHORT STUDY	2019	11	14
William Petri	ROTAVIRUS VACCINE PROTECTION IN LOW-INCOME AND MIDDLE-INCOME COUNTRIES	2019	11	14
William Petri	EARLY LIFE CHILD MICRONUTRIENT STATUS, MATERNAL REASONING, AND A NURTURING HOUSEHOLD ENVIRONMENT HAVE PERSISTENT INFLUENCES ON CHILD COGNITIVE DEVELOPMENT AT AGE 5 YEARS …	2019	11	14
William Petri	INCREASED FECAL LACTOBACILLUS IS ASSOCIATED WITH A POSITIVE GLUCOSE HYDROGEN BREATH TEST IN BANGLADESHI CHILDREN	2019	11	14
William Petri	FECAL IMMUNOGLOBULIN A AGAINST A SPOROZOITE ANTIGEN AT 12 MONTHS IS ASSOCIATED WITH DELAYED TIME TO SUBSEQUENT CRYPTOSPORIDIOSIS IN URBAN BANGLADESH: A PROSPECTIVE COHORT STUDY	2019	11	14
William Petri	FECAL IGA AGAINST A SPOROZOITE ANTIGEN AT 12 MONTHS IS ASSOCIATED WITH DELAYED TIME TO SUBSEQUENT CRYPTOSPORIDIOSIS IN URBAN BANGLADESH: A PROSPECTIVE COHORT STUDY.	2019	11	14
William Petri	SU1270–CLINICAL PERFORMANCE OF THE H. PYLORI QUIK CHEK™ AND H. PYLORI CHEK™ ASSAYS, NOVEL STOOL ANTIGEN TESTS FOR DIAGNOSIS OF HELICOBACTER PYLORI	2019	11	14
William Petri	SCREENING FOR COELIAC DISEASE IN CHILDREN AND ADULTS LIVING IN A SLUM OF DHAKA, BANGLADESH	2019	11	14
William Petri	GENOME-WIDE ASSOCIATION STUDY OF CRYPTOSPORIDIOSIS IN INFANTS IMPLICATES PRKCA	2019	11	14
William Petri	ASSOCIATION OF VITAMIN D NUTRITION WITH NEURO-DEVELOPMENTAL OUTCOME OF INFANTS OF SLUMS IN BANGLADESH	2019	11	14
William Petri	COMPARATIVE ANALYSES OF PARASITES WITH A COMPREHENSIVE DATABASE OF GENOME-SCALE METABOLIC MODELS	2019	11	14
William Petri	INCREASED T CELL DIFFERENTIATION AND CYTOLYTIC FUNCTION IN BANGLADESHI COMPARED TO AMERICAN CHILDREN	2019	11	14
William Petri	MEASUREMENT OF INTESTINAL PERMEABILITY USING LACTULOSE AND MANNITOL WITH CONVENTIONAL FIVE HOURS AND SHORTENED TWO HOURS URINE COLLECTION BY TWO DIFFERENT METHODS: HPAE-PAD AND …	2019	11	14
James Platts-Mills	IMPACT OF WATER QUALITY, SANITATION, HANDWASHING, AND NUTRITIONAL INTERVENTIONS ON ENTERIC INFECTIONS IN RURAL ZIMBABWE: THE SANITATION HYGIENE INFANT NUTRITION EFFICACY (SHINE …	2019	11	14
James Platts-Mills	SEASONAL FOOD INSECURITY IN HAYDOM, TANZANIA, IS ASSOCIATED WITH LOW BIRTHWEIGHT AND ACUTE MALNUTRITION: RESULTS FROM THE MAL-ED STUDY	2019	11	14
James Platts-Mills	ANTIBIOTIC-RESISTANT ENTERIC INFECTIONS	2019	11	14
James Platts-Mills	MONITORING THE IMPACT OF ROTAVIRUS VACCINES ON A GLOBAL SCALE	2019	11	14
James Platts-Mills	A ONE HEALTH APPROACH TO PREVENTION, TREATMENT, AND CONTROL OF CAMPYLOBACTERIOSIS	2019	11	14
James Platts-Mills	A ONE HEALTH APPROACH TO PREVENTION, TREATMENT, AND CONTROL OF CAMPYLOBACTERIOSIS	2019	11	14
James Platts-Mills	A ONE HEALTH APPROACH TO PREVENTION, TREATMENT, AND CONTROL OF CAMPYLOBACTERIOSIS	2019	11	14
James Platts-Mills	A ONE HEALTH APPROACH TO PREVENTION, TREATMENT, AND CONTROL OF CAMPYLOBACTERIOSIS	2019	11	14
James Platts-Mills	ENTEROPATHOGENS WERE NOT ASSOCIATED WITH ROTAVIRUS VACCINE IMMUNOGENICITY IN A CLUSTER-RANDOMIZED TRIAL OF IMPROVED WATER, SANITATION AND HYGIENE IN RURAL ZIMBABWE	2019	11	14
James Platts-Mills	EARLY LIFE CHILD MICRONUTRIENT STATUS, MATERNAL REASONING, AND A NURTURING HOUSEHOLD ENVIRONMENT HAVE PERSISTENT INFLUENCES ON CHILD COGNITIVE DEVELOPMENT AT AGE 5 YEARS …	2019	11	14
James Platts-Mills	GENOTYPIC ANTIMICROBIAL RESISTANCE ASSAYS FOR USE ON E. COLI ISOLATES AND STOOL SPECIMENS	2019	11	14
James Platts-Mills	LONGITUDINAL ASSESSMENT OF ANTIBIOTIC RESISTANCE IN FECAL ESCHERICHIA COLI IN TANZANIAN CHILDREN	2019	11	14
James Platts-Mills	CLINICAL YIELD OF A MOLECULAR DIAGNOSTIC PANEL FOR ENTERIC PATHOGENS IN ADULT OUTPATIENTS WITH DIARRHEA AND VALIDATION OF GUIDELINES-BASED CRITERIA FOR TESTING	2019	11	14
Rebecca Pompano	IMMUNOFLUORESCENCE STAINING OF LIVE LYMPH NODE TISSUE SLICES	2019	11	14
Rebecca Pompano	TWO-WAY COMMUNICATION BETWEEN EX VIVO TISSUES ON A MICROFLUIDIC CHIP: APPLICATION TO TUMOR–LYMPH NODE INTERACTION	2019	11	14
Rebecca Pompano	OPTIMIZATION OF ENZYMATIC ANTIBODY FRAGMENTATION FOR YIELD, EFFICIENCY, AND BINDING AFFINITY	2019	11	14
Owen Pornillos	RESTRICTION OF HIV-1 AND OTHER RETROVIRUSES BY TRIM5	2019	11	14
Owen Pornillos	EXPLORATION OF THE TRIM FOLD OF MURF1 USING EPR REVEALS A CANONICAL ANTIPARALLEL STRUCTURE AND EXTENDED COS-BOX	2019	11	14
Owen Pornillos	VESICULAR STOMATITIS VIRUS TRANSCRIPTION IS INHIBITED BY TRIM69 IN THE INTERFERON-INDUCED ANTIVIRAL STATE	2019	11	14
Owen Pornillos	MATURATION OF RETROVIRUSES	2019	11	14
Owen Pornillos	COARSE-GRAINED AND ATOMISTIC SIMULATIONS OF THE MATURE HIV CAPSID AND RELATED RESTRICTION FACTORS	2019	11	14
Phillip Potter	MEDIA, PUBLIC OPINION, AND FOREIGN POLICY IN THE AGE OF SOCIAL MEDIA	2019	11	14
David Rekosh	CHARACTERIZATION OF APOBEC3 VARIATION IN A POPULATION OF HIV-1 INFECTED INDIVIDUALS IN NORTHERN SOUTH AFRICA	2019	11	14
David Rekosh	EVOLUTION OF THE HIV-1 REV RESPONSE ELEMENT DURING NATURAL INFECTION REVEALS NUCLEOTIDE CHANGES THAT CORRELATE WITH ALTERED STRUCTURE AND INCREASED ACTIVITY OVER TIME	2019	11	14
David Rekosh	A NOVEL RETROVIRAL VECTOR SYSTEM TO ANALYZE EXPRESSION FROM MRNA WITH RETAINED INTRONS USING FLUORESCENT PROTEINS AND FLOW CYTOMETRY	2019	11	14
David Rekosh	HIV-1 REV INTERACTS WITH HERV-K RCRES PRESENT IN THE HUMAN GENOME AND PROMOTES EXPORT OF UNSPLICED HERV-K PROVIRAL RNA	2019	11	14
David Rekosh	AN ASSAY TO MEASURE THE ACTIVITY OF RNA ELEMENTS AND PROTEINS THAT PROMOTE THE EXPRESSION OF MRNA WITH RETAINED INTRONS	2019	11	14
Elizabeth Rogawski	IMPACT OF WATER QUALITY, SANITATION, HANDWASHING, AND NUTRITIONAL INTERVENTIONS ON ENTERIC INFECTIONS IN RURAL ZIMBABWE: THE SANITATION HYGIENE INFANT NUTRITION EFFICACY (SHINE …	2019	11	14
Elizabeth Rogawski	SEASONAL FOOD INSECURITY IN HAYDOM, TANZANIA, IS ASSOCIATED WITH LOW BIRTHWEIGHT AND ACUTE MALNUTRITION: RESULTS FROM THE MAL-ED STUDY	2019	11	14
Elizabeth Rogawski	ENTERIC DYSFUNCTION AND OTHER FACTORS ASSOCIATED WITH ATTAINED SIZE AT 5 YEARS: MAL-ED BIRTH COHORT STUDY FINDINGS	2019	11	14
Elizabeth Rogawski	ENTEROPATHOGENS WERE NOT ASSOCIATED WITH ROTAVIRUS VACCINE IMMUNOGENICITY IN A CLUSTER-RANDOMIZED TRIAL OF IMPROVED WATER, SANITATION AND HYGIENE IN RURAL ZIMBABWE	2019	11	14
Elizabeth Rogawski	EARLY LIFE CHILD MICRONUTRIENT STATUS, MATERNAL REASONING, AND A NURTURING HOUSEHOLD ENVIRONMENT HAVE PERSISTENT INFLUENCES ON CHILD COGNITIVE DEVELOPMENT AT AGE 5 YEARS …	2019	11	14
Elizabeth Rogawski	LONGITUDINAL ASSESSMENT OF ANTIBIOTIC RESISTANCE IN FECAL ESCHERICHIA COLI IN TANZANIAN CHILDREN	2019	11	14
Rebecca Scharf	EMERGENCY DEPARTMENT AND PRIMARY CARE USE BY REFUGEES COMPARED TO NON-REFUGEE CONTROLS	2019	11	14
Rebecca Scharf	SEASONAL FOOD INSECURITY IN HAYDOM, TANZANIA, IS ASSOCIATED WITH LOW BIRTHWEIGHT AND ACUTE MALNUTRITION: RESULTS FROM THE MAL-ED STUDY	2019	11	14
Rebecca Scharf	FOOD INSECURITY IS ASSOCIATED WITH PREDIABETES RISK AMONG US ADOLESCENTS, NHANES 2003–2014	2019	11	14
Rebecca Scharf	EARLY LIFE CHILD MICRONUTRIENT STATUS, MATERNAL REASONING, AND A NURTURING HOUSEHOLD ENVIRONMENT HAVE PERSISTENT INFLUENCES ON CHILD COGNITIVE DEVELOPMENT AT AGE 5 YEARS …	2019	11	14
Rebecca Scharf	ASSESSING EARLY CHILDHOOD FLUID REASONING IN LOW-AND MIDDLE-INCOME NATIONS: VALIDITY OF THE WECHSLER PRESCHOOL AND PRIMARY SCALE OF INTELLIGENCE ACROSS SEVEN MAL-ED SITES	2019	11	14
Rebecca Scharf	ASSOCIATIONS BETWEEN HOUSEHOLD CHORES AND CHILDHOOD SELF-COMPETENCY	2019	11	14
China Scherz	MEDICINE IN THE MEANTIME: THE WORK OF CARE IN MOZAMBIQUE. RAMAH MCKAY, DURHAM: DUKE UNIVERSITY PRESS, 2018, 256 PP.	2019	11	14
China Scherz	HIS MOTHER BECAME MEDICINE: DRINKING PROBLEMS, ETHICAL TRANSFORMATION AND MATERNAL CARE IN CENTRAL UGANDA	2019	11	14
Heman Shakeri	A STUDY OF THE ROBUSTNESS OF OPTICAL NETWORKS UNDER MASSIVE FAILURES	2019	11	14
Heman Shakeri	A NEW METHOD FOR QUANTIFYING NETWORK CYCLIC STRUCTURE TO IMPROVE COMMUNITY DETECTION	2019	11	14
Heman Shakeri	DESIGNING OPTIMAL MULTIPLEX NETWORKS FOR CERTAIN LAPLACIAN SPECTRAL PROPERTIES	2019	11	14
Lois Shepherd	EROSION OF INFORMED CONSENT IN US RESEARCH	2019	11	14
Lois Shepherd	WHAT MEDICAL STUDENTS TEACH: THE HEALING SKILL OF BEING A TEAM PLAYER	2019	11	14
Lois Shepherd	AGING POPULATIONS AND PUBLIC HEALTH ETHICS	2019	11	14
Costi Sifri	PCR CYCLE THRESHOLD TO ASSESS A DIAGNOSTIC STEWARDSHIP INTERVENTION FOR C. DIFFICILE TESTING	2019	11	14
Costi Sifri	COST ANALYSIS OF COMPUTERIZED CLINICAL DECISION SUPPORT AND TRAINEE FINANCIAL INCENTIVE FOR CLOSTRIDIOIDES DIFFICILE TESTING	2019	11	14
Costi Sifri	HUMAN RABIES—VIRGINIA, 2017	2019	11	14
Costi Sifri	REDUCED CLOSTRIDIOIDES DIFFICILE TESTS AMONG SOLID ORGAN TRANSPLANT RECIPIENTS THROUGH A DIAGNOSTIC STEWARDSHIP BUNDLED INTERVENTION	2019	11	14
Costi Sifri	A NURSE-DRIVEN INFLUENZA VACCINE ORDERING PROTOCOL IMPROVES VACCINATION RATES IN ABDOMINAL ORGAN TRANSPLANT RECIPIENTS.	2019	11	14
Costi Sifri	COMPARISON OF RISK FACTORS AND OUTCOMES OF DAPTOMYCIN‐SUSCEPTIBLE AND ‐NONSUSCEPTIBLE VANCOMYCIN‐RESISTANT ENTEROCOCCUS FAECIUM INFECTIONS IN LIVER TRANSPLANT …	2019	11	14
Nathan Swami	CONDUCTANCE-BASED BIOPHYSICAL DISTINCTION AND MICROFLUIDIC ENRICHMENT OF NANOVESICLES DERIVED FROM PANCREATIC TUMOR CELLS OF VARYING INVASIVENESS	2019	11	14
Nathan Swami	REAL TIME ELECTRONIC FEEDBACK FOR IMPROVED ACOUSTIC TRAPPING OF MICRON-SCALE PARTICLES	2019	11	14
Nathan Swami	ELECTROFABRICATED BIOMATERIAL-BASED CAPACITOR ON NANOPOROUS GOLD FOR ENHANCED REDOX AMPLIFICATION	2019	11	14
Nathan Swami	ON-CHIP IMPEDANCE FOR QUANTIFYING PARASITIC VOLTAGES DURING AC ELECTROKINETIC TRAPPING	2019	11	14
Nathan Swami	NANOCONFINED REDOX CAPACITOR FOR BIOSENSING SIGNAL AMPLIFICATION	2019	11	14
Nathan Swami	ADAPTATION OF MITOCHONDRIAL ORGANIZATION TO AGGREGATION IN SEROUS OVARIAN CANCER	2019	11	14
Nathan Swami	CRYSTALLIZATION OF HIGH ASPECT RATIO HKUST-1 THIN FILMS IN NANOCONFINED CHANNELS FOR SELECTIVE MOLECULE UPTAKE	2019	11	14
Sana Syed	PLACEBO-CONTROLLED TRIAL OF AN ORAL BTK INHIBITOR IN MULTIPLE SCLEROSIS	2019	11	14
Sana Syed	UBIQUITIN-ACTIVATING ENZYME INHIBITION INDUCES AN UNFOLDED PROTEIN RESPONSE AND OVERCOMES DRUG RESISTANCE IN MYELOMA	2019	11	14
Sana Syed	DUODENAL BIOPSIES CLASSIFICATION AND UNDERSTANDING USING CONVOLUTIONAL NEURAL NETWORKS	2019	11	14
Sana Syed	ARTIFICIAL INTELLIGENCE APPLIED TO GASTROINTESTINAL DIAGNOSTICS: A REVIEW	2019	11	14
Sana Syed	DEEP LEARNING FOR VISUAL RECOGNITION OF ENVIRONMENTAL ENTEROPATHY AND CELIAC DISEASE	2019	11	14
Sana Syed	DIAGNOSIS OF CELIAC DISEASE AND ENVIRONMENTAL ENTEROPATHY ON BIOPSY IMAGES USING COLOR BALANCING ON CONVOLUTIONAL NEURAL NETWORKS	2019	11	14
Sana Syed	PATHOBIOME DRIVEN GUT INFLAMMATION IN PAKISTANI CHILDREN WITH ENVIRONMENTAL ENTERIC DYSFUNCTION	2019	11	14
Sana Syed	STUDY OF ENVIRONMENTAL ENTEROPATHY AND MALNUTRITION (SEEM) IN PAKISTAN: PROTOCOLS FOR BIOPSY BASED BIOMARKER DISCOVERY AND VALIDATION	2019	11	14
Sana Syed	TAK-573, AN ANTI-CD38-TARGETED ATTENUATED INTERFERON ALPHA (IFNΑ) FUSION PROTEIN, SHOWED ANTI-MYELOMA TUMOR RESPONSES IN COMBINATION WITH STANDARD OF CARE (SOC) AGENTS IN …	2019	11	14
Sana Syed	SELF-ATTENTIVE ADVERSARIAL STAIN NORMALIZATION	2019	11	14
Sana Syed	UPDATED SAFETY OF CLADRIBINE TABLETS IN THE TREATMENT OF PATIENTS WITH MULTIPLE SCLEROSIS: INTEGRATED SAFETY ANALYSIS AND POST-APPROVAL DATA	2019	11	14
Sana Syed	EFFECT OF EVOBRUTINIB, A BRUTON'S TYROSINE KINASE INHIBITOR, ON IMMUNE CELL AND IMMUNOGLOBULIN LEVELS OVER 48 WEEKS IN A PHASE 2 STUDY IN RELAPSING MULTIPLE SCLEROSIS	2019	11	14
Sana Syed	056 EFFICACY AND SAFETY OF THE BRUTON’S TYROSINE KINASE INHIBITOR EVOBRUTINIB (M2951) IN PATIENTS WITH RELAPSING MULTIPLE SCLEROSIS OVER 48 WEEKS: A RANDOMIZED, PLACEBO …	2019	11	14
Sana Syed	BRUTON'S TYROSINE KINASE INHIBITOR EVOBRUTINIB (M2951) IN PATIENTS WITH RELAPSING MULTIPLE SCLEROSIS: A RANDOMISED, PLACEBO-CONTROLLED, PHASE 2 STUDY	2019	11	14
Sana Syed	TAK-169, AN EXCEPTIONALLY POTENT CD38 TARGETED ENGINEERED TOXIN BODY, AS A NOVEL DIRECT CELL KILL APPROACH FOR THE TREATMENT OF MULTIPLE MYELOMA	2019	11	14
Sana Syed	COMBINATION OF PROTEASOME INHIBITORS AND ANTI-CD30 ANTIBODIES	2019	11	14
Sana Syed	ASSESSMENT OF MACHINE LEARNING DETECTION OF ENVIRONMENTAL ENTEROPATHY AND CELIAC DISEASE IN CHILDREN	2019	11	14
Sana Syed	MO1992–SOLVING THE STAIN DILEMMA: COMPUTATIONAL IMAGE ANALYSIS TO ADDRESS DIFFERENTIAL TISSUE STAINING COLOR BIAS IN DUODENAL BIOPSIES	2019	11	14
Sana Syed	DEEP LEARNING FOR DETECTING DISEASES IN GASTROINTESTINAL BIOPSY IMAGES	2019	11	14
Sana Syed	UPDATED SAFETY ANALYSIS OF CLADRIBINE TABLETS IN THE TREATMENT OF PATIENTS WITH MULTIPLE SCLEROSIS (P4. 2-046)	2019	11	14
Sana Syed	ANALYSE PRIMAIRE D’UNE ÉTUDE DE PHASE 2 RANDOMISÉE, CONTRÔLÉE PAR PLACEBO ÉVALUANT L’ÉVOBRUTINIB (M2951), UN INHIBITEUR DE LA TYROSINE KINASE DE BRUTON, CHEZ DES PATIENTS …	2019	11	14
Sana Syed	UPDATED SAFETY ANALYSIS OF CLADRIBINE TABLETS IN THE TREATMENT OF PATIENTS WITH MULTIPLE SCLEROSIS	2019	11	14
Sana Syed	CHOLESTASIS AFFECTS ENTERAL TOLERANCE AND PROSPECTIVE WEIGHT GAIN IN THE NICU	2019	11	14
Sana Syed	3165 DISEASED AND HEALTHY GASTROINTESTINAL TISSUE DATA MINING REQUIRES AN ENGAGED TRANSDISCIPLINARY TEAM	2019	11	14
Gang Tao	ZERO DYNAMICS ANALYSIS AND ADAPTIVE TRACKING CONTROL OF UNDERACTUATED MULTIBODY SYSTEMS WITH FLEXIBLE LINKS	2019	11	14
Gang Tao	ADAPTIVE COMPENSATION OF PERSISTENT ACTUATOR FAILURES USING CONTROL-SEPARATION-BASED LQ DESIGN	2019	11	14
Gang Tao	MULTIVARIABLE ADAPTIVE CONTROL BASED CONSENSUS FLIGHT CONTROL SYSTEM FOR UAVS FORMATION	2019	11	14
Gang Tao	NEW HIGHER-ORDER CONVERGENCE PROPERTIES FOR MULTIVARIABLE MODEL REFERENCE ADAPTIVE CONTROL SYSTEMS	2019	11	14
Gang Tao	ADAPTIVE ACTUATOR DEAD-ZONE COMPENSATION CONTROL FOR UNCERTAIN NONCANONICAL FUZZY-APPROXIMATION NONLINEAR SYSTEMS	2019	11	14
Gang Tao	ADAPTIVE SENSOR FAULT DETECTION FOR RAIL VEHICLE SUSPENSION SYSTEMS	2019	11	14
Gang Tao	A MULTIVARIABLE ADAPTIVE CONTROL SCHEME FOR AUTOMATIC CARRIER LANDING OF UAV	2019	11	14
Gang Tao	ADAPTIVE FAULT-TOLERANT CONTROL OF A TWO-CAR HIGH-SPEED TRAIN MODEL WITH INTER-CAR FLEXIBLE LINK AND TRACTION ACTUATOR FAILURES	2019	11	14
Gang Tao	CONTROL SEPARATION BASED MODEL PREDICTIVE CONTROL FOR REJECTION OF UNMATCHED INPUT DISTURBANCES*	2019	11	14
Gang Tao	ADAPTIVE ACTUATOR FAILURE COMPENSATION FOR MULTIVARIABLE SYSTEMS USING A MULTIPLE-MODEL DESIGN*	2019	11	14
Gang Tao	A DISTRIBUTED ADAPTIVE STATE FEEDBACK CONTROL SCHEME FOR OUTPUT CONSENSUS OF MULTI-AGENT SYSTEMS	2019	11	14
Gang Tao	AN ADAPTIVE COMPENSATION SCHEME FOR ANGULAR VELOCITY CONTROL OF SPACECRAFT UNDER FINITE SEQUENTIAL ACTUATOR FAULTS	2019	11	14
Gang Tao	A MATRIX DECOMPOSITION BASED ADAPTIVE CONTROL SCHEME FOR A CLASS OF MIMO NON-CANONICAL APPROXIMATION SYSTEMS	2019	11	14
Gang Tao	A PARTIAL-STATE FEEDBACK MODEL REFERENCE ADAPTIVE CONTROL SCHEME	2019	11	14
Gang Tao	ADAPTIVE T–S FUZZY CONTROL WITH UNKNOWN MEMBERSHIP FUNCTIONS	2019	11	14
Gang Tao	ADAPTIVE CONTROL: A TUTORIAL INTRODUCTION	2019	11	14
Gang Tao	ADAPTIVE T–S FUZZY STATE TRACKING CONTROL USING STATE FEEDBACK	2019	11	14
Gang Tao	T–S FUZZY SYSTEM IDENTIFICATION USING I/O DATA	2019	11	14
Gang Tao	ADAPTIVE T–S FUZZY CONTROL USING OUTPUT FEEDBACK: SISO CASES	2019	11	14
Gang Tao	ADAPTIVE T–S FUZZY OUTPUT TRACKING CONTROL USING STATE FEEDBACK	2019	11	14
Gang Tao	ADAPTIVE CONTROL OF T–S FUZZY SYSTEMS WITH ACTUATOR FAULTS	2019	11	14
Gang Tao	T–S FUZZY SYSTEMS	2019	11	14
Gang Tao	ADAPTIVE CONTROL TECHNIQUES FOR THREE-PHASE GRID-CONNECTED PHOTOVOLTAIC INVERTERS	2019	11	14
Gang Tao	DYNAMIC MUTATION AND ADAPTIVE TRACKING CONTROL OF OMNI-DIRECTIONAL MULTIROTOR SYSTEMS	2019	11	14
Gang Tao	ADAPTIVE CONTROL SCHEMES FOR MULTIROTOR SYSTEMS UNDER ACTUATOR FAILURES AND WIND DISTURBANCES	2019	11	14
Gang Tao	ADAPTIVE STATE‐FEEDBACK CONTROL WITH SENSOR FAILURE COMPENSATION FOR ASYMPTOTIC OUTPUT TRACKING	2019	11	14
Sebastian Tello-Trillo	LOSING INSURANCE AND BEHAVIORAL HEALTH HOSPITALIZATIONS: EVIDENCE FROM A LARGE-SCALE MEDICAID DISENROLLMENT	2019	11	14
Sebastian Tello-Trillo	PUBLIC SPILLOVERS FROM PRIVATE INSURANCE CONTRACTING: PHYSICIAN RESPONSES TO MANAGED CARE	2019	11	14
Sankaran Venkataraman	THE DISTINCTIVE DOMAIN OF ENTREPRENEURSHIP RESEARCH	2019	11	14
Sankaran Venkataraman	STAKEHOLDER APPROACH TO CORPORATE SUSTAINABILITY: A REVIEW	2019	11	14
Sankaran Venkataraman	THE DISTINCTIVE DOMAIN OF ENTREPRENEURSHIP RESEARCH, SEMINAL IDEAS FOR THE NEXT TWENTY-FIVE YEARS OF ADVANCES, 2019 EMERALD PUBLISHING LIMITED	2019	11	14
Mark Yeager	CRYOEM MAPS ARE FULL OF POTENTIAL	2019	11	14
Mark Yeager	CONSTITUTIVE SRC-MEDIATED PHOSPHORYLATION OF PANNEXIN 1 AT TYROSINE 198 OCCURS AT THE PLASMA MEMBRANE	2019	11	14
Mark Yeager	PHOSPHORYLATION OF TIP3 AQUAPORINS DURING PHASEOLUS VULGARIS EMBRYO DEVELOPMENT	2019	11	14
Mark Yeager	ADENOSINE STRESS CMR PERFUSION IMAGING OF THE TEMPORAL EVOLUTION OF PERFUSION DEFECTS IN A PORCINE MODEL OF PROGRESSIVE OBSTRUCTIVE CORONARY ARTERY OCCLUSION	2019	11	14
Mark Yeager	EDITORIAL OVERVIEW: BIOPHYSICAL AND COMPUTATIONAL METHODS, PART B.	2019	11	14
Jarrett Zigon	TRAVELING WITH SUGAR: CHRONICLES OF A GLOBAL EPIDEMIC	2019	11	14
Jarrett Zigon	SACRIFICIAL LIMBS: MASCULINITY, DISABILITY, AND POLITICAL VIOLENCE IN TURKEY	2019	11	14
Jochen Zimmer	A LIPID GATING MECHANISM FOR THE CHANNEL-FORMING O ANTIGEN ABC TRANSPORTER	2019	11	14
Jochen Zimmer	STRUCTURAL FEATURES UNDERLYING RECOGNITION AND TRANSLOCATION OF EXTRACELLULAR POLYSACCHARIDES	2019	11	14
Jochen Zimmer	ARCHITECTURE OF THE CELLULOSE SYNTHASE OUTER MEMBRANE CHANNEL AND ITS ASSOCIATION WITH THE PERIPLASMIC TPR DOMAIN	2019	11	14
Laura Barnes	MAPPING THE ONLINE SOCIAL NETWORK OF CANCER BLOGGERS	2019	12	2
Christopher L. Barrett	GENETIC ROBUSTNESS OF LET-7 MIRNA SEQUENCE–STRUCTURE PAIRS	2019	12	2
Phillip Bourne	TRANSLATIONAL HEALTH DISPARITIES RESEARCH IN A DATA-RICH WORLD	2019	12	2
Phillip Bourne	REVEALING ACQUIRED RESISTANCE MECHANISMS OF KINASE-TARGETED DRUGS USING AN ON-THE-FLY, FUNCTION-SITE INTERACTION FINGERPRINT APPROACH	2019	12	2
Catherine Bradshaw	TEACHER STRESS AND BURNOUT IN URBAN MIDDLE SCHOOLS: ASSOCIATIONS WITH JOB DEMANDS, RESOURCES, AND EFFECTIVE CLASSROOM PRACTICES	2019	12	2
Catherine Bradshaw	A MULTILEVEL ANALYSIS OF RACIAL DISCIPLINE DISPROPORTIONALITY: A FOCUS ON STUDENT PERCEPTIONS OF ACADEMIC ENGAGEMENT AND DISCIPLINARY ENVIRONMENT	2019	12	2
Linda Columbus	ENDOTHELIAL ALPHA HEMOGLOBIN IS A NITRITE REDUCTASE	2019	12	2
Stephen Eubank	MODELING URBAN MOBILITY NETWORKS USING CONSTRAINED LABELED SEQUENCES	2019	12	2
Ku-Lung Hsu	GLOBAL TARGETING OF FUNCTIONAL TYROSINES USING SULFUR-TRIAZOLE EXCHANGE CHEMISTRY	2019	12	2
Brant Isakson	CIRCULATING EXTRACELLULAR VESICLES IN NORMOTENSION RESTRAIN VASODILATION IN RESISTANCE ARTERIES	2019	12	2
Brant Isakson	ENDOTHELIAL ALPHA HEMOGLOBIN IS A NITRITE REDUCTASE	2019	12	2
Kimberly Kelly	IMPORTANCE OF THOROUGH TISSUE AND CELLULAR LEVEL CHARACTERIZATION OF TARGETED DRUGS IN THE EVALUATION OF PHARMACODYNAMIC EFFECTS	2019	12	2
Garrick Louis	DIVERGENT AGRICULTURAL WATER GOVERNANCE SCENARIOS: THE CASE OF ZAYANDERUD BASIN, IRAN	2019	12	2
Madhav Marathe	MODELING URBAN MOBILITY NETWORKS USING CONSTRAINED LABELED SEQUENCES	2019	12	2
Achla Marathe	TWO-MODE THRESHOLD GRAPH DYNAMICAL SYSTEMS FOR MODELING EVACUATION DECISION-MAKING DURING DISASTER EVENTS	2019	12	2
Wladek Minor	THE INTEGRATED RESOURCE FOR REPRODUCIBILITY IN MACROMOLECULAR CRYSTALLOGRAPHY: EXPERIENCES OF THE FIRST FOUR YEARS	2019	12	2
Wladek Minor	STRUCTURAL AND BIOCHEMICAL ANALYSIS OF BACILLUS ANTHRACIS PREPHENATE DEHYDROGENASE REVEALS AN UNUSUAL MODE OF INHIBITION BY TYROSINE VIA THE ACT DOMAIN	2019	12	2
Jason Papin	GENOME-SCALE MODEL-BASED IDENTIFICATION OF METABOLITE INDICATORS FOR EARLY DETECTION OF KIDNEY TOXICITY	2019	12	2
SM Peirce	MULTISCALE COMPUTATIONAL MODELS OF CANCER	2019	12	2
SM Peirce	MULTISCALE COUPLING OF AN AGENT-BASED MODEL OF TISSUE FIBROSIS AND A LOGIC-BASED MODEL OF INTRACELLULAR SIGNALING	2019	12	2
William Petri	GROWTH FALTERING IS ASSOCIATED WITH ALTERED BRAIN FUNCTIONAL CONNECTIVITY AND COGNITIVE OUTCOMES IN URBAN BANGLADESHI CHILDREN EXPOSED TO EARLY ADVERSITY	2019	12	2
James Platts-Mills	ENTEROPATHOGENS AND ROTAVIRUS VACCINE IMMUNOGENICITY IN A CLUSTER RANDOMIZED TRIAL OF IMPROVED WATER, SANITATION AND HYGIENE IN RURAL ZIMBABWE	2019	12	2
James Platts-Mills	DETERMINANTS OF CAMPYLOBACTER INFECTION AND ASSOCIATION WITH GROWTH AND ENTERIC INFLAMMATION IN CHILDREN UNDER 2 YEARS OF AGE IN LOW-RESOURCE SETTINGS	2019	12	2
Owen Pornillos	HIERARCHICAL ASSEMBLY GOVERNS TRIM5Α RECOGNITION OF HIV-1 AND RETROVIRAL CAPSIDS	2019	12	2
Phillip Potter	INTERNATIONAL MIGRATION AND INTERSTATE CONFLICT	2019	12	2
Sana Syed	4-CONNECTED SHIFT RESIDUAL NETWORKS	2019	12	2
Gang Tao	A BACKSTEPPING-BASED FAULT COMPENSATION SCHEME FOR A CLASS OF EULER-BERNOULLI BEAM-ODE CASCADE SYSTEMS	2019	12	2
Gang Tao	BACKSTEPPING BASED SLIDING MODE FAULT-TOLERANT CONTROL OF A CLASS OF EULER-BERNOULLI BEAM SYSTEMS	2019	12	2
Mark Yeager	STRUCTURE OF SPASTIN BOUND TO A GLUTAMATE-RICH PEPTIDE IMPLIES A HAND-OVER-HAND MECHANISM OF SUBSTRATE TRANSLOCATION	2019	12	2
Marcel Durieux	PERSISTENT POST-DISCHARGE OPIOID PRESCRIBING AFTER TRAUMATIC BRAIN INJURY REQUIRING INTENSIVE CARE UNIT ADMISSION: A CROSS-SECTIONAL STUDY WITH LONGITUDINAL OUTCOME	2019	12	9
Edward Egelman	THE AAA+ ATPASE TORSINA POLYMERIZES INTO HOLLOW HELICAL TUBES WITH 8.5 SUBUNITS PER TURN	2019	12	9
Farzad Hassanzadeh	RANK AGGREGATION VIA HETEROGENEOUS THURSTONE PREFERENCE MODELS	2019	12	9
Madhav Marathe	FORECASTING DENGUE AND INFLUENZA INCIDENCES USING A SPARSE REPRESENTATION OF GOOGLE TRENDS, ELECTRONIC HEALTH RECORDS, AND TIME SERIES DATA.	2019	12	9
Achla Marathe	A FRAMEWORK FOR DISCOVERING HEALTH DISPARITIES AMONG COHORTS IN AN INFLUENZA EPIDEMIC	2019	12	9
Sana Syed	CELIACNET: CELIAC DISEASE SEVERITY DIAGNOSIS ON DUODENAL HISTOPATHOLOGICAL IMAGES USING DEEP RESIDUAL NETWORKS	2019	12	9
